direction,generalized_eigenvalue,cumulative_discriminative_mass,signal_fraction_lambda_over_one_plus_lambda
1,32.90365391919494,0.11167681186834241,0.9705046540888078
2,23.010305148299185,0.18977505364387567,0.9583512165370861
3,20.64613792392124,0.25984918177566146,0.9538023825074636
4,16.409039668103237,0.3155423652882046,0.9425585776662802
5,13.484924086535752,0.36131093962251004,0.9309627034269696
6,11.061014714639104,0.3988526321771812,0.9170882364660209
7,9.837060297010508,0.432240156092448,0.907724053147895
8,7.888766601130699,0.45901506400241093,0.8874984522742678
9,7.110740875886686,0.48314930979137705,0.8767067009904101
10,6.571054991342644,0.5054518319929192,0.8679180112753796
11,5.679168511784986,0.5247272424083331,0.8502807650030747
12,4.978722649185553,0.5416253010252636,0.8327401923994209
13,4.872180827851368,0.5581617508383065,0.829705516686907
14,4.220356127079874,0.5724858717514053,0.8084421875334062
15,4.11806885955366,0.5864628240503403,0.8046138050422385
16,3.811015708297438,0.5993976210588436,0.7921436842795326
17,3.430488343377319,0.6110408872529486,0.7742912468114723
18,3.316347149517832,0.6222967519546728,0.7683226197152129
19,3.1093673397530566,0.6328501157933497,0.756653538775608
20,2.973894911150422,0.6429436787552133,0.7483577139410299
21,2.6932295877572243,0.6520846481663569,0.7292342714585294
22,2.6295009022118148,0.6610093189121988,0.7244800244048428
23,2.6135004046071564,0.6698796830887709,0.7232600282194473
24,2.5699622331772596,0.6786022763158973,0.7198849918616641
25,2.497750375251616,0.6870797785238917,0.7141019533367747
26,2.424956000621672,0.6953102126190075,0.7080254462193127
27,2.3567845538734273,0.7033092690728441,0.7020958646732064
28,2.2170893867419474,0.7108341924429515,0.6891600201967863
29,2.167864124609943,0.7181920425648481,0.6843298952655903
30,2.156515888749713,0.7255113761498181,0.6831950051117603
31,2.135080478900583,0.7327579567743139,0.6810289219909652
32,2.0762128480638764,0.7398047374206603,0.6749249647567835
33,2.044671266548347,0.7467444642038221,0.6715573168811522
34,1.9942050358546357,0.7535129058231925,0.6660215355911423
35,1.9366155158249465,0.7600858854428185,0.6594719347455731
36,1.883050870468979,0.7664770637088045,0.6531452114692197
37,1.8287029590190045,0.7726837821729295,0.6464810853286622
38,1.8099589963823233,0.7788268825965116,0.644122920908295
39,1.7705284580371803,0.7848361536033531,0.6390580298502099
40,1.7027918403954978,0.7906155228028285,0.6300122025476921
41,1.6725171925758093,0.796292138181794,0.6258209291307921
42,1.6450722495902448,0.8018756039141559,0.6219384933039493
43,1.6157389272857596,0.8073595107366011,0.6176988500004252
44,1.5900464395427538,0.8127562158419619,0.6139065366810412
45,1.5805407329540622,0.8181206580561255,0.6124843187980782
46,1.545823822870075,0.8233672691672264,0.6071998419463944
47,1.5226891838003687,0.8285353600403811,0.6035976185962296
48,1.508595615970334,0.8336556165688465,0.6013705861423997
49,1.475937573468645,0.838665029904109,0.5961125956018923
50,1.45555041076919,0.8436052480874011,0.5927593277603473
51,1.4258273563020751,0.8484445845883722,0.5877695098943904
52,1.3985594252818638,0.8531913722310901,0.5830830833459605
53,1.3861570111556765,0.8578960653978424,0.5809160942365337
54,1.3458966500264122,0.8624641126836652,0.5737237614501299
55,1.3427115763131223,0.867021349654052,0.5731442102771503
56,1.3036846700295965,0.8714461271571244,0.5659128121961446
57,1.2913307542916226,0.8758289747904294,0.5635723921013946
58,1.2439782147395513,0.8800511052990032,0.5543628750798432
59,1.219707890425086,0.884190860991421,0.5494902710786441
60,1.198258923155027,0.888257817708732,0.5450945339210719
61,1.1892423825517773,0.892294171791116,0.5432209754525209
62,1.166011048635273,0.8962516774479234,0.5383218379102616
63,1.1551379791317795,0.9001722793085642,0.5359925862367009
64,1.1439634322562806,0.9040549541422496,0.5335741342623496
65,1.135470017506112,0.9079088018589373,0.5317190165152306
66,1.1111988368206036,0.9116802718528988,0.526335472263727
67,1.0991685025939986,0.9154109102305469,0.523620900959464
68,1.0726531784988258,0.9190515541392562,0.5175266125689796
69,1.0500862899367134,0.9226156047864815,0.5122156540879701
70,1.03665073042975,0.9261340544054719,0.5089977947328299
71,0.9979471257707699,0.929521141860651,0.4994862541148485
72,0.992755131380651,0.9328906074011893,0.49818219797674546
73,0.9700837368677608,0.9361831249812969,0.49240736254698414
74,0.9336150100063909,0.9393518656958082,0.4828339691070691
75,0.931527288482952,0.9425135205685957,0.4822749821021614
76,0.9198003085554652,0.9456353734262526,0.47911249126090616
77,0.902262103727341,0.9486977006517135,0.47431008690097204
78,0.887716881588614,0.95171066059291,0.47025954487494603
79,0.8774291757777957,0.9546887034945213,0.46735673819188817
80,0.8710662851807612,0.9576451503953392,0.46554539092483765
81,0.8257459728802627,0.9604477776625374,0.45227867685096484
82,0.817251715842029,0.9632215749539661,0.4497185000391391
83,0.7998236117045083,0.9659362203010007,0.4443899982771322
84,0.7873401363850192,0.9686084960459194,0.4405094029709713
85,0.7692643493716055,0.9712194215751258,0.4347933363631202
86,0.7543326626915838,0.9737796681381499,0.42998268158232283
87,0.7309106759630235,0.9762604191894628,0.42226943661108807
88,0.7022087900556168,0.9786437544607347,0.41252800135797285
89,0.7003028240839017,0.9810206207786261,0.41186947064045165
90,0.6849302062998001,0.9833453115859063,0.40650360693808485
91,0.6573934057590399,0.9855765409769865,0.39664294757946866
92,0.6537008716300217,0.9877952377040576,0.3952957169247187
93,0.6148965670708924,0.9898822304863154,0.38076529457623093
94,0.6009849856011753,0.9919220065956043,0.3753845232817742
95,0.5740851783536813,0.9938704832789798,0.3647103639932058
96,0.5536825351035028,0.9957497122685441,0.3563678696218451
97,0.5246866130723964,0.9975305275032844,0.3441275135321745
98,0.49780537530859326,0.9992201063379607,0.3323565154157831
99,0.2297822683169616,1.0,0.18684792766725594
100,2.348634810080629e-14,1.0,2.3486348100805737e-14
101,2.322756451267175e-14,1.0,2.3227564512671207e-14
102,2.149704796944989e-14,1.0,2.1497047969449425e-14
103,2.1360178243958213e-14,1.0,2.136017824395776e-14
104,2.052565375204482e-14,1.0,2.05256537520444e-14
105,1.960709008744532e-14,1.0,1.960709008744494e-14
106,1.9559423190917627e-14,1.0,1.9559423190917245e-14
107,1.9251266256708253e-14,1.0,1.925126625670788e-14
108,1.8833887160713223e-14,1.0,1.8833887160712866e-14
109,1.7770812907587894e-14,1.0,1.7770812907587578e-14
110,1.7634303785617568e-14,1.0,1.763430378561726e-14
111,1.727743032592604e-14,1.0,1.727743032592574e-14
112,1.7209235095082193e-14,1.0,1.7209235095081896e-14
113,1.718276389905065e-14,1.0,1.7182763899050357e-14
114,1.6806255767152506e-14,1.0,1.6806255767152222e-14
115,1.6631322814816054e-14,1.0,1.6631322814815776e-14
116,1.5952041828973955e-14,1.0,1.59520418289737e-14
117,1.582645668327886e-14,1.0,1.582645668327861e-14
118,1.5731072584287367e-14,1.0,1.5731072584287117e-14
119,1.5698723999362968e-14,1.0,1.569872399936272e-14
120,1.5578762377688887e-14,1.0,1.5578762377688644e-14
121,1.490339337541152e-14,1.0,1.49033933754113e-14
122,1.4843503418477205e-14,1.0,1.4843503418476984e-14
123,1.4805144028000828e-14,1.0,1.4805144028000607e-14
124,1.475623625020323e-14,1.0,1.475623625020301e-14
125,1.4320693266425402e-14,1.0,1.43206932664252e-14
126,1.4065598456736892e-14,1.0,1.4065598456736695e-14
127,1.3643257326362781e-14,1.0,1.3643257326362597e-14
128,1.3411022709735134e-14,1.0,1.3411022709734956e-14
129,1.3292715913092645e-14,1.0,1.3292715913092468e-14
130,1.2952392907422631e-14,1.0,1.2952392907422464e-14
131,1.2843212426566392e-14,1.0,1.2843212426566227e-14
132,1.266255156927572e-14,1.0,1.2662551569275559e-14
133,1.2651810552589705e-14,1.0,1.2651810552589545e-14
134,1.2455787332301266e-14,1.0,1.2455787332301111e-14
135,1.2296278098360441e-14,1.0,1.2296278098360291e-14
136,1.2239823172695718e-14,1.0,1.2239823172695568e-14
137,1.219285916951906e-14,1.0,1.2192859169518912e-14
138,1.2064014619599348e-14,1.0,1.2064014619599203e-14
139,1.2051079557348059e-14,1.0,1.2051079557347914e-14
140,1.160765261356106e-14,1.0,1.1607652613560926e-14
141,1.1542753662060413e-14,1.0,1.1542753662060281e-14
142,1.130479226121941e-14,1.0,1.1304792261219282e-14
143,1.1136897408705447e-14,1.0,1.1136897408705324e-14
144,1.1017187020419161e-14,1.0,1.1017187020419038e-14
145,1.0991677930792693e-14,1.0,1.0991677930792572e-14
146,1.0561642335854882e-14,1.0,1.056164233585477e-14
147,1.0477885283179496e-14,1.0,1.0477885283179388e-14
148,1.0397610028944576e-14,1.0,1.0397610028944468e-14
149,1.0212509358690181e-14,1.0,1.0212509358690077e-14
150,1.0147636454616582e-14,1.0,1.0147636454616478e-14
151,1.007726264015759e-14,1.0,1.0077262640157488e-14
152,1.0012130666873281e-14,1.0,1.0012130666873182e-14
153,1.0007163982360287e-14,1.0,1.0007163982360187e-14
154,9.982364215828465e-15,1.0,9.982364215828365e-15
155,9.877296244860846e-15,1.0,9.87729624486075e-15
156,9.802817464911502e-15,1.0,9.802817464911406e-15
157,9.081198099560456e-15,1.0,9.081198099560374e-15
158,9.078235481014128e-15,1.0,9.078235481014046e-15
159,8.943144316340193e-15,1.0,8.943144316340114e-15
160,8.78219036133576e-15,1.0,8.782190361335683e-15
161,8.761572996009094e-15,1.0,8.761572996009018e-15
162,8.65788204946414e-15,1.0,8.657882049464064e-15
163,8.526094278081156e-15,1.0,8.526094278081084e-15
164,8.521232469439857e-15,1.0,8.521232469439784e-15
165,8.511263963855073e-15,1.0,8.511263963855e-15
166,8.509013024925738e-15,1.0,8.509013024925666e-15
167,8.36513398388199e-15,1.0,8.365133983881919e-15
168,8.205072760237047e-15,1.0,8.20507276023698e-15
169,8.193493787418129e-15,1.0,8.193493787418061e-15
170,8.191878885797762e-15,1.0,8.191878885797694e-15
171,8.071193900549981e-15,1.0,8.071193900549917e-15
172,7.892539856685593e-15,1.0,7.89253985668553e-15
173,7.883304289955455e-15,1.0,7.883304289955392e-15
174,7.79588561356309e-15,1.0,7.79588561356303e-15
175,7.780094575796381e-15,1.0,7.780094575796321e-15
176,7.742928447602663e-15,1.0,7.742928447602603e-15
177,7.62327439164123e-15,1.0,7.623274391641174e-15
178,7.46513497050601e-15,1.0,7.465134970505954e-15
179,7.455637037559902e-15,1.0,7.455637037559845e-15
180,7.354120023668724e-15,1.0,7.35412002366867e-15
181,7.063928949525002e-15,1.0,7.063928949524952e-15
182,7.0550430725533895e-15,1.0,7.055043072553339e-15
183,7.0455535987685365e-15,1.0,7.045553598768487e-15
184,7.004446534713874e-15,1.0,7.0044465347138244e-15
185,6.904829015454658e-15,1.0,6.90482901545461e-15
186,6.844416510856383e-15,1.0,6.844416510856336e-15
187,6.774562942516733e-15,1.0,6.774562942516687e-15
188,6.6817806927641514e-15,1.0,6.681780692764107e-15
189,6.588332239902466e-15,1.0,6.588332239902422e-15
190,6.508898512559271e-15,1.0,6.508898512559229e-15
191,6.4904718722019605e-15,1.0,6.490471872201919e-15
192,6.4779413141442826e-15,1.0,6.477941314144241e-15
193,6.37625722626237e-15,1.0,6.376257226262329e-15
194,6.306016775592104e-15,1.0,6.306016775592064e-15
195,6.242055177579258e-15,1.0,6.242055177579219e-15
196,6.22899290480848e-15,1.0,6.2289929048084414e-15
197,6.174882758055881e-15,1.0,6.174882758055842e-15
198,6.161871232810768e-15,1.0,6.1618712328107294e-15
199,6.1289584347049625e-15,1.0,6.1289584347049246e-15
200,6.037249351961167e-15,1.0,6.0372493519611305e-15
201,6.026783668635511e-15,1.0,6.026783668635475e-15
202,5.965754688319813e-15,1.0,5.965754688319778e-15
203,5.861841428084226e-15,1.0,5.8618414280841925e-15
204,5.821406528543997e-15,1.0,5.821406528543963e-15
205,5.735644475023394e-15,1.0,5.735644475023361e-15
206,5.616222883630858e-15,1.0,5.616222883630827e-15
207,5.533919114556316e-15,1.0,5.5339191145562854e-15
208,5.4454915336310224e-15,1.0,5.4454915336309924e-15
209,5.394645671514434e-15,1.0,5.394645671514406e-15
210,5.345140316899231e-15,1.0,5.345140316899202e-15
211,5.307326111629689e-15,1.0,5.3073261116296605e-15
212,5.300323619519145e-15,1.0,5.300323619519117e-15
213,5.2527038476629945e-15,1.0,5.252703847662967e-15
214,5.24178026758424e-15,1.0,5.2417802675842126e-15
215,5.195181853581254e-15,1.0,5.195181853581227e-15
216,5.141417626940542e-15,1.0,5.141417626940516e-15
217,5.040120365808505e-15,1.0,5.040120365808479e-15
218,5.006651670822439e-15,1.0,5.0066516708224134e-15
219,4.911061432802929e-15,1.0,4.911061432802905e-15
220,4.893082379278305e-15,1.0,4.893082379278281e-15
221,4.888546928012001e-15,1.0,4.888546928011977e-15
222,4.77657839251101e-15,1.0,4.776578392510986e-15
223,4.736453701100069e-15,1.0,4.736453701100047e-15
224,4.727357880170983e-15,1.0,4.727357880170961e-15
225,4.697602947075869e-15,1.0,4.697602947075847e-15
226,4.667961772528066e-15,1.0,4.667961772528044e-15
227,4.459374044637799e-15,1.0,4.459374044637779e-15
228,4.394111286895201e-15,1.0,4.394111286895181e-15
229,4.369705115647794e-15,1.0,4.3697051156477746e-15
230,4.29681869277052e-15,1.0,4.296818692770502e-15
231,4.269369768147431e-15,1.0,4.269369768147413e-15
232,4.240049286249036e-15,1.0,4.240049286249018e-15
233,4.192569949921699e-15,1.0,4.192569949921681e-15
234,4.173686213405814e-15,1.0,4.1736862134057966e-15
235,4.059895398857776e-15,1.0,4.05989539885776e-15
236,4.030655487096116e-15,1.0,4.0306554870961e-15
237,3.9993419493749355e-15,1.0,3.99934194937492e-15
238,3.9920991689708715e-15,1.0,3.992099168970856e-15
239,3.949027639952911e-15,1.0,3.949027639952895e-15
240,3.93418573085615e-15,1.0,3.934185730856134e-15
241,3.8962976129110335e-15,1.0,3.896297612911018e-15
242,3.832371677096428e-15,1.0,3.832371677096414e-15
243,3.807220476958775e-15,1.0,3.807220476958761e-15
244,3.774106997191097e-15,1.0,3.774106997191083e-15
245,3.731538834994675e-15,1.0,3.731538834994661e-15
246,3.665580798742731e-15,1.0,3.665580798742717e-15
247,3.626653056715742e-15,1.0,3.626653056715729e-15
248,3.623125402037946e-15,1.0,3.623125402037933e-15
249,3.5609519811522e-15,1.0,3.5609519811521874e-15
250,3.44177613754591e-15,1.0,3.441776137545898e-15
251,3.4374099659794213e-15,1.0,3.43740996597941e-15
252,3.4294088043012358e-15,1.0,3.4294088043012243e-15
253,3.4242115762379426e-15,1.0,3.4242115762379312e-15
254,3.36556629471411e-15,1.0,3.365566294714099e-15
255,3.3638831665476433e-15,1.0,3.3638831665476323e-15
256,3.3532259386002087e-15,1.0,3.3532259386001977e-15
257,3.3193823471871365e-15,1.0,3.3193823471871254e-15
258,3.288572838640862e-15,1.0,3.288572838640851e-15
259,3.2810173849012866e-15,1.0,3.2810173849012755e-15
260,3.2530254834254154e-15,1.0,3.2530254834254048e-15
261,3.2454643772712683e-15,1.0,3.2454643772712576e-15
262,3.2372643109039858e-15,1.0,3.237264310903975e-15
263,3.123246467835728e-15,1.0,3.123246467835718e-15
264,3.0733173942423532e-15,1.0,3.0733173942423438e-15
265,3.0629236564532406e-15,1.0,3.062923656453231e-15
266,3.037143785520307e-15,1.0,3.0371437855202975e-15
267,2.9805098780230093e-15,1.0,2.9805098780230006e-15
268,2.9750260336354115e-15,1.0,2.975026033635403e-15
269,2.9581857937070984e-15,1.0,2.9581857937070897e-15
270,2.9424197553659315e-15,1.0,2.942419755365923e-15
271,2.9151850060768934e-15,1.0,2.915185006076885e-15
272,2.8998964430775474e-15,1.0,2.899896443077539e-15
273,2.8888363496994528e-15,1.0,2.8888363496994445e-15
274,2.863283585122334e-15,1.0,2.863283585122326e-15
275,2.816706548640389e-15,1.0,2.8167065486403807e-15
276,2.809044509301103e-15,1.0,2.809044509301095e-15
277,2.7997191151396144e-15,1.0,2.7997191151396065e-15
278,2.7709464390498893e-15,1.0,2.7709464390498818e-15
279,2.7652144092102313e-15,1.0,2.765214409210224e-15
280,2.753631738029466e-15,1.0,2.7536317380294584e-15
281,2.739487891767671e-15,1.0,2.7394878917676636e-15
282,2.6188643810164683e-15,1.0,2.6188643810164612e-15
283,2.607398752254872e-15,1.0,2.607398752254865e-15
284,2.581436403715258e-15,1.0,2.581436403715251e-15
285,2.572611521115545e-15,1.0,2.5726115211155384e-15
286,2.5134648866454324e-15,1.0,2.513464886645426e-15
287,2.497649353112984e-15,1.0,2.497649353112978e-15
288,2.451575054594809e-15,1.0,2.451575054594803e-15
289,2.442478410460816e-15,1.0,2.44247841046081e-15
290,2.424174754794828e-15,1.0,2.424174754794822e-15
291,2.421831592588955e-15,1.0,2.421831592588949e-15
292,2.396084099402874e-15,1.0,2.396084099402868e-15
293,2.3940211600632102e-15,1.0,2.3940211600632043e-15
294,2.374964129633004e-15,1.0,2.374964129632998e-15
295,2.3723133821167117e-15,1.0,2.3723133821167058e-15
296,2.3638918099133108e-15,1.0,2.363891809913305e-15
297,2.339108108360951e-15,1.0,2.3391081083609456e-15
298,2.3119766954526973e-15,1.0,2.311976695452692e-15
299,2.3088727946955453e-15,1.0,2.30887279469554e-15
300,2.294491705764752e-15,1.0,2.294491705764747e-15
301,2.2465526143679356e-15,1.0,2.2465526143679304e-15
302,2.2358635888006787e-15,1.0,2.2358635888006736e-15
303,2.231217888353718e-15,1.0,2.2312178883537127e-15
304,2.1203269636929648e-15,1.0,2.12032696369296e-15
305,2.078497946698237e-15,1.0,2.0784979466982327e-15
306,2.0723669290351777e-15,1.0,2.0723669290351738e-15
307,2.0299515866733853e-15,1.0,2.0299515866733813e-15
308,2.02919375564195e-15,1.0,2.029193755641946e-15
309,2.0151448736336426e-15,1.0,2.0151448736336386e-15
310,1.989587150013633e-15,1.0,1.989587150013629e-15
311,1.984718247267799e-15,1.0,1.984718247267795e-15
312,1.982363052555933e-15,1.0,1.982363052555929e-15
313,1.971213586184732e-15,1.0,1.971213586184728e-15
314,1.9520722532175335e-15,1.0,1.9520722532175295e-15
315,1.9145212441016002e-15,1.0,1.9145212441015963e-15
316,1.9058149316464695e-15,1.0,1.9058149316464655e-15
317,1.8903944087045006e-15,1.0,1.8903944087044967e-15
318,1.848022090750392e-15,1.0,1.848022090750389e-15
319,1.847823114530059e-15,1.0,1.8478231145300558e-15
320,1.846722574221155e-15,1.0,1.8467225742211518e-15
321,1.844021273656015e-15,1.0,1.844021273656012e-15
322,1.837782957570162e-15,1.0,1.837782957570159e-15
323,1.8177659674297017e-15,1.0,1.8177659674296986e-15
324,1.763606743399572e-15,1.0,1.763606743399569e-15
325,1.7631686787659175e-15,1.0,1.7631686787659143e-15
326,1.7473348478176083e-15,1.0,1.7473348478176051e-15
327,1.7438364641356717e-15,1.0,1.7438364641356686e-15
328,1.7296609953247245e-15,1.0,1.7296609953247214e-15
329,1.6818200392984551e-15,1.0,1.6818200392984522e-15
330,1.6800826224809271e-15,1.0,1.6800826224809242e-15
331,1.64858498951808e-15,1.0,1.6485849895180775e-15
332,1.6454985656221114e-15,1.0,1.6454985656221088e-15
333,1.6446045223822534e-15,1.0,1.6446045223822508e-15
334,1.6046775722490084e-15,1.0,1.6046775722490059e-15
335,1.5928936703150768e-15,1.0,1.5928936703150743e-15
336,1.579022807099526e-15,1.0,1.5790228070995236e-15
337,1.5729375718839548e-15,1.0,1.5729375718839524e-15
338,1.550485896479119e-15,1.0,1.5504858964791166e-15
339,1.515769288675526e-15,1.0,1.5157692886755235e-15
340,1.4595342710291725e-15,1.0,1.4595342710291701e-15
341,1.4414117196542523e-15,1.0,1.4414117196542503e-15
342,1.4354482249669753e-15,1.0,1.4354482249669734e-15
343,1.4327175485683807e-15,1.0,1.4327175485683788e-15
344,1.4305043159175944e-15,1.0,1.4305043159175924e-15
345,1.414074387009849e-15,1.0,1.4140743870098471e-15
346,1.3991314594393464e-15,1.0,1.3991314594393446e-15
347,1.3889581689943385e-15,1.0,1.3889581689943368e-15
348,1.3798745542228876e-15,1.0,1.3798745542228859e-15
349,1.3407024643660637e-15,1.0,1.340702464366062e-15
350,1.3368862274641583e-15,1.0,1.3368862274641565e-15
351,1.3177978804853717e-15,1.0,1.31779788048537e-15
352,1.2929539436509628e-15,1.0,1.292953943650961e-15
353,1.2836048738956613e-15,1.0,1.2836048738956595e-15
354,1.2797187257832076e-15,1.0,1.2797187257832058e-15
355,1.2551571858121944e-15,1.0,1.2551571858121928e-15
356,1.2392224732514776e-15,1.0,1.239222473251476e-15
357,1.2060155997083972e-15,1.0,1.2060155997083958e-15
358,1.2052007570089274e-15,1.0,1.205200757008926e-15
359,1.1967635361350207e-15,1.0,1.1967635361350193e-15
360,1.1950602288463746e-15,1.0,1.1950602288463733e-15
361,1.1939250479809852e-15,1.0,1.1939250479809838e-15
362,1.1870651016775248e-15,1.0,1.1870651016775234e-15
363,1.1720674316118542e-15,1.0,1.1720674316118529e-15
364,1.1616001561524666e-15,1.0,1.1616001561524652e-15
365,1.1454502721087738e-15,1.0,1.1454502721087726e-15
366,1.1435493667403642e-15,1.0,1.143549366740363e-15
367,1.1370038981313323e-15,1.0,1.1370038981313311e-15
368,1.1201121436762265e-15,1.0,1.1201121436762253e-15
369,1.1100599402056398e-15,1.0,1.1100599402056386e-15
370,1.1078981702308608e-15,1.0,1.1078981702308596e-15
371,1.0880982292420964e-15,1.0,1.0880982292420952e-15
372,1.0813511274066386e-15,1.0,1.0813511274066374e-15
373,1.0709901093326058e-15,1.0,1.0709901093326046e-15
374,1.0631199179408121e-15,1.0,1.063119917940811e-15
375,1.0526702376606481e-15,1.0,1.052670237660647e-15
376,1.0503999996537223e-15,1.0,1.050399999653721e-15
377,1.0250933460230028e-15,1.0,1.0250933460230016e-15
378,1.013392000191613e-15,1.0,1.0133920001916119e-15
379,9.954183909499362e-16,1.0,9.954183909499355e-16
380,9.843898295160441e-16,1.0,9.843898295160433e-16
381,9.762446227217985e-16,1.0,9.762446227217977e-16
382,9.719732581459234e-16,1.0,9.719732581459226e-16
383,9.567776644506228e-16,1.0,9.56777664450622e-16
384,9.544486965959508e-16,1.0,9.5444869659595e-16
385,9.391517540512048e-16,1.0,9.39151754051204e-16
386,9.269424733163773e-16,1.0,9.269424733163766e-16
387,9.108598658629614e-16,1.0,9.108598658629606e-16
388,9.075119021944957e-16,1.0,9.07511902194495e-16
389,8.954583242582233e-16,1.0,8.954583242582225e-16
390,8.946659160300127e-16,1.0,8.946659160300119e-16
391,8.881776858904526e-16,1.0,8.881776858904518e-16
392,8.811245403119278e-16,1.0,8.81124540311927e-16
393,8.775777216059312e-16,1.0,8.775777216059304e-16
394,8.757171897394754e-16,1.0,8.757171897394746e-16
395,8.560429143368254e-16,1.0,8.560429143368246e-16
396,8.44051427470867e-16,1.0,8.440514274708662e-16
397,8.422776420239707e-16,1.0,8.4227764202397e-16
398,8.219713425870065e-16,1.0,8.219713425870058e-16
399,8.090287310620491e-16,1.0,8.090287310620485e-16
400,8.056518010973575e-16,1.0,8.056518010973569e-16
401,8.028152008659724e-16,1.0,8.028152008659717e-16
402,7.856339000498629e-16,1.0,7.856339000498622e-16
403,7.6267959161654e-16,1.0,7.626795916165395e-16
404,7.622086070273944e-16,1.0,7.622086070273939e-16
405,7.563600431181299e-16,1.0,7.563600431181294e-16
406,7.558613755362761e-16,1.0,7.558613755362756e-16
407,7.371123803989667e-16,1.0,7.371123803989662e-16
408,7.080311752528111e-16,1.0,7.080311752528106e-16
409,7.043257514221031e-16,1.0,7.043257514221027e-16
410,7.037051710170795e-16,1.0,7.03705171017079e-16
411,6.909489402272132e-16,1.0,6.909489402272127e-16
412,6.840934722705943e-16,1.0,6.840934722705938e-16
413,6.835245993333265e-16,1.0,6.83524599333326e-16
414,6.68141292504857e-16,1.0,6.681412925048565e-16
415,6.344463804397759e-16,1.0,6.344463804397755e-16
416,6.273162356213376e-16,1.0,6.273162356213372e-16
417,6.097859164698508e-16,1.0,6.097859164698504e-16
418,6.090682024395337e-16,1.0,6.090682024395333e-16
419,6.020994791107748e-16,1.0,6.020994791107744e-16
420,5.988179597117973e-16,1.0,5.988179597117969e-16
421,5.759624614355315e-16,1.0,5.759624614355311e-16
422,5.579930247643231e-16,1.0,5.579930247643227e-16
423,5.483370140669598e-16,1.0,5.483370140669596e-16
424,5.457014395158254e-16,1.0,5.457014395158252e-16
425,5.429212648789935e-16,1.0,5.429212648789933e-16
426,5.401487678858898e-16,1.0,5.401487678858896e-16
427,5.309246427501839e-16,1.0,5.309246427501837e-16
428,5.147496822078795e-16,1.0,5.147496822078793e-16
429,5.096850721450498e-16,1.0,5.096850721450496e-16
430,4.956935080246087e-16,1.0,4.956935080246085e-16
431,4.9494922358552e-16,1.0,4.949492235855198e-16
432,4.893153444004842e-16,1.0,4.89315344400484e-16
433,4.794916838053005e-16,1.0,4.794916838053003e-16
434,4.733885175649371e-16,1.0,4.733885175649369e-16
435,4.611831042038025e-16,1.0,4.611831042038023e-16
436,4.5858807563154e-16,1.0,4.585880756315398e-16
437,4.5744824009697e-16,1.0,4.574482400969698e-16
438,4.2335684937070817e-16,1.0,4.2335684937070797e-16
439,4.2269599161830814e-16,1.0,4.2269599161830794e-16
440,4.195345903326655e-16,1.0,4.195345903326653e-16
441,4.1903743032200362e-16,1.0,4.1903743032200343e-16
442,4.046223423074338e-16,1.0,4.046223423074336e-16
443,4.0232373952288175e-16,1.0,4.0232373952288156e-16
444,3.7929577420073327e-16,1.0,3.792957742007331e-16
445,3.737818858132054e-16,1.0,3.7378188581320524e-16
446,3.727383043744097e-16,1.0,3.7273830437440957e-16
447,3.569095563779077e-16,1.0,3.5690955637790753e-16
448,3.5306231084256655e-16,1.0,3.530623108425664e-16
449,3.4169927486621145e-16,1.0,3.416992748662113e-16
450,3.4014367678642795e-16,1.0,3.401436767864278e-16
451,3.386116168424517e-16,1.0,3.3861161684245155e-16
452,3.3635772483288314e-16,1.0,3.36357724832883e-16
453,3.3357600028061796e-16,1.0,3.335760002806178e-16
454,3.3102609759819947e-16,1.0,3.310260975981994e-16
455,3.172407749181112e-16,1.0,3.1724077491811117e-16
456,3.1638693200138435e-16,1.0,3.163869320013843e-16
457,3.122528349636259e-16,1.0,3.1225283496362585e-16
458,3.108855278986912e-16,1.0,3.1088552789869117e-16
459,3.089812080154568e-16,1.0,3.0898120801545673e-16
460,3.05649639404511e-16,1.0,3.0564963940451095e-16
461,3.0206035804630107e-16,1.0,3.02060358046301e-16
462,3.01759707761229e-16,1.0,3.0175970776122897e-16
463,2.9099515790145622e-16,1.0,2.909951579014562e-16
464,2.9004579459205485e-16,1.0,2.900457945920548e-16
465,2.7881257372205196e-16,1.0,2.788125737220519e-16
466,2.546958702363239e-16,1.0,2.5469587023632387e-16
467,2.5090749383649946e-16,1.0,2.509074938364994e-16
468,2.50409604360323e-16,1.0,2.5040960436032293e-16
469,2.4525619256573747e-16,1.0,2.452561925657374e-16
470,2.449634102363966e-16,1.0,2.4496341023639654e-16
471,2.3101698443329983e-16,1.0,2.310169844332998e-16
472,2.2565805486539214e-16,1.0,2.256580548653921e-16
473,2.236490348441414e-16,1.0,2.2364903484414137e-16
474,2.1793228543522832e-16,1.0,2.1793228543522827e-16
475,1.9494706895977776e-16,1.0,1.9494706895977772e-16
476,1.862180288767895e-16,1.0,1.8621802887678945e-16
477,1.841456699154728e-16,1.0,1.8414566991547275e-16
478,1.7218836209187206e-16,1.0,1.72188362091872e-16
479,1.7065067879086344e-16,1.0,1.7065067879086339e-16
480,1.6489668177776427e-16,1.0,1.6489668177776425e-16
481,1.6254039575320166e-16,1.0,1.6254039575320163e-16
482,1.5957356837963766e-16,1.0,1.5957356837963764e-16
483,1.4414652902751557e-16,1.0,1.4414652902751554e-16
484,1.428363320338864e-16,1.0,1.4283633203388639e-16
485,1.3312260159086478e-16,1.0,1.3312260159086476e-16
486,1.3177564687252582e-16,1.0,1.317756468725258e-16
487,1.2574629842492915e-16,1.0,1.2574629842492913e-16
488,1.2117459573396264e-16,1.0,1.211745957339626e-16
489,1.172480490359784e-16,1.0,1.1724804903597839e-16
490,1.0964209910991886e-16,1.0,1.0964209910991886e-16
491,1.0662985147618978e-16,1.0,1.0662985147618978e-16
492,9.90678026308198e-17,1.0,9.90678026308198e-17
493,8.783593189915499e-17,1.0,8.783593189915499e-17
494,8.596056542972031e-17,1.0,8.596056542972031e-17
495,8.174751366278888e-17,1.0,8.174751366278888e-17
496,7.502358845334577e-17,1.0,7.502358845334577e-17
497,7.385892568314466e-17,1.0,7.385892568314466e-17
498,7.280137136197684e-17,1.0,7.280137136197684e-17
499,6.500106591151808e-17,1.0,6.500106591151808e-17
500,4.905210669603003e-17,1.0,4.905210669603003e-17
501,3.5191375142303263e-17,1.0,3.5191375142303263e-17
502,3.4800419961631246e-17,1.0,3.4800419961631246e-17
503,3.2491165379070066e-17,1.0,3.2491165379070066e-17
504,3.142660879204315e-17,1.0,3.142660879204315e-17
505,3.0362390438152393e-17,1.0,3.0362390438152393e-17
506,2.3097966393211428e-17,1.0,2.3097966393211428e-17
507,1.6429200384404717e-17,1.0,1.6429200384404717e-17
508,1.4914308616467606e-17,1.0,1.4914308616467606e-17
509,7.210594754568737e-18,1.0,7.210594754568737e-18
510,2.399501396700194e-18,1.0,2.399501396700194e-18
511,0.0,1.0,0.0
512,0.0,1.0,0.0
513,0.0,1.0,0.0
514,0.0,1.0,0.0
515,0.0,1.0,0.0
516,0.0,1.0,0.0
517,0.0,1.0,0.0
518,0.0,1.0,0.0
519,0.0,1.0,0.0
520,0.0,1.0,0.0
521,0.0,1.0,0.0
522,0.0,1.0,0.0
523,0.0,1.0,0.0
524,0.0,1.0,0.0
525,0.0,1.0,0.0
526,0.0,1.0,0.0
527,0.0,1.0,0.0
528,0.0,1.0,0.0
529,0.0,1.0,0.0
530,0.0,1.0,0.0
531,0.0,1.0,0.0
532,0.0,1.0,0.0
533,0.0,1.0,0.0
534,0.0,1.0,0.0
535,0.0,1.0,0.0
536,0.0,1.0,0.0
537,0.0,1.0,0.0
538,0.0,1.0,0.0
539,0.0,1.0,0.0
540,0.0,1.0,0.0
541,0.0,1.0,0.0
542,0.0,1.0,0.0
543,0.0,1.0,0.0
544,0.0,1.0,0.0
545,0.0,1.0,0.0
546,0.0,1.0,0.0
547,0.0,1.0,0.0
548,0.0,1.0,0.0
549,0.0,1.0,0.0
550,0.0,1.0,0.0
551,0.0,1.0,0.0
552,0.0,1.0,0.0
553,0.0,1.0,0.0
554,0.0,1.0,0.0
555,0.0,1.0,0.0
556,0.0,1.0,0.0
557,0.0,1.0,0.0
558,0.0,1.0,0.0
559,0.0,1.0,0.0
560,0.0,1.0,0.0
561,0.0,1.0,0.0
562,0.0,1.0,0.0
563,0.0,1.0,0.0
564,0.0,1.0,0.0
565,0.0,1.0,0.0
566,0.0,1.0,0.0
567,0.0,1.0,0.0
568,0.0,1.0,0.0
569,0.0,1.0,0.0
570,0.0,1.0,0.0
571,0.0,1.0,0.0
572,0.0,1.0,0.0
573,0.0,1.0,0.0
574,0.0,1.0,0.0
575,0.0,1.0,0.0
576,0.0,1.0,0.0
577,0.0,1.0,0.0
578,0.0,1.0,0.0
579,0.0,1.0,0.0
580,0.0,1.0,0.0
581,0.0,1.0,0.0
582,0.0,1.0,0.0
583,0.0,1.0,0.0
584,0.0,1.0,0.0
585,0.0,1.0,0.0
586,0.0,1.0,0.0
587,0.0,1.0,0.0
588,0.0,1.0,0.0
589,0.0,1.0,0.0
590,0.0,1.0,0.0
591,0.0,1.0,0.0
592,0.0,1.0,0.0
593,0.0,1.0,0.0
594,0.0,1.0,0.0
595,0.0,1.0,0.0
596,0.0,1.0,0.0
597,0.0,1.0,0.0
598,0.0,1.0,0.0
599,0.0,1.0,0.0
600,0.0,1.0,0.0
601,0.0,1.0,0.0
602,0.0,1.0,0.0
603,0.0,1.0,0.0
604,0.0,1.0,0.0
605,0.0,1.0,0.0
606,0.0,1.0,0.0
607,0.0,1.0,0.0
608,0.0,1.0,0.0
609,0.0,1.0,0.0
610,0.0,1.0,0.0
611,0.0,1.0,0.0
612,0.0,1.0,0.0
613,0.0,1.0,0.0
614,0.0,1.0,0.0
615,0.0,1.0,0.0
616,0.0,1.0,0.0
617,0.0,1.0,0.0
618,0.0,1.0,0.0
619,0.0,1.0,0.0
620,0.0,1.0,0.0
621,0.0,1.0,0.0
622,0.0,1.0,0.0
623,0.0,1.0,0.0
624,0.0,1.0,0.0
625,0.0,1.0,0.0
626,0.0,1.0,0.0
627,0.0,1.0,0.0
628,0.0,1.0,0.0
629,0.0,1.0,0.0
630,0.0,1.0,0.0
631,0.0,1.0,0.0
632,0.0,1.0,0.0
633,0.0,1.0,0.0
634,0.0,1.0,0.0
635,0.0,1.0,0.0
636,0.0,1.0,0.0
637,0.0,1.0,0.0
638,0.0,1.0,0.0
639,0.0,1.0,0.0
640,0.0,1.0,0.0
641,0.0,1.0,0.0
642,0.0,1.0,0.0
643,0.0,1.0,0.0
644,0.0,1.0,0.0
645,0.0,1.0,0.0
646,0.0,1.0,0.0
647,0.0,1.0,0.0
648,0.0,1.0,0.0
649,0.0,1.0,0.0
650,0.0,1.0,0.0
651,0.0,1.0,0.0
652,0.0,1.0,0.0
653,0.0,1.0,0.0
654,0.0,1.0,0.0
655,0.0,1.0,0.0
656,0.0,1.0,0.0
657,0.0,1.0,0.0
658,0.0,1.0,0.0
659,0.0,1.0,0.0
660,0.0,1.0,0.0
661,0.0,1.0,0.0
662,0.0,1.0,0.0
663,0.0,1.0,0.0
664,0.0,1.0,0.0
665,0.0,1.0,0.0
666,0.0,1.0,0.0
667,0.0,1.0,0.0
668,0.0,1.0,0.0
669,0.0,1.0,0.0
670,0.0,1.0,0.0
671,0.0,1.0,0.0
672,0.0,1.0,0.0
673,0.0,1.0,0.0
674,0.0,1.0,0.0
675,0.0,1.0,0.0
676,0.0,1.0,0.0
677,0.0,1.0,0.0
678,0.0,1.0,0.0
679,0.0,1.0,0.0
680,0.0,1.0,0.0
681,0.0,1.0,0.0
682,0.0,1.0,0.0
683,0.0,1.0,0.0
684,0.0,1.0,0.0
685,0.0,1.0,0.0
686,0.0,1.0,0.0
687,0.0,1.0,0.0
688,0.0,1.0,0.0
689,0.0,1.0,0.0
690,0.0,1.0,0.0
691,0.0,1.0,0.0
692,0.0,1.0,0.0
693,0.0,1.0,0.0
694,0.0,1.0,0.0
695,0.0,1.0,0.0
696,0.0,1.0,0.0
697,0.0,1.0,0.0
698,0.0,1.0,0.0
699,0.0,1.0,0.0
700,0.0,1.0,0.0
701,0.0,1.0,0.0
702,0.0,1.0,0.0
703,0.0,1.0,0.0
704,0.0,1.0,0.0
705,0.0,1.0,0.0
706,0.0,1.0,0.0
707,0.0,1.0,0.0
708,0.0,1.0,0.0
709,0.0,1.0,0.0
710,0.0,1.0,0.0
711,0.0,1.0,0.0
712,0.0,1.0,0.0
713,0.0,1.0,0.0
714,0.0,1.0,0.0
715,0.0,1.0,0.0
716,0.0,1.0,0.0
717,0.0,1.0,0.0
718,0.0,1.0,0.0
719,0.0,1.0,0.0
720,0.0,1.0,0.0
721,0.0,1.0,0.0
722,0.0,1.0,0.0
723,0.0,1.0,0.0
724,0.0,1.0,0.0
725,0.0,1.0,0.0
726,0.0,1.0,0.0
727,0.0,1.0,0.0
728,0.0,1.0,0.0
729,0.0,1.0,0.0
730,0.0,1.0,0.0
731,0.0,1.0,0.0
732,0.0,1.0,0.0
733,0.0,1.0,0.0
734,0.0,1.0,0.0
735,0.0,1.0,0.0
736,0.0,1.0,0.0
737,0.0,1.0,0.0
738,0.0,1.0,0.0
739,0.0,1.0,0.0
740,0.0,1.0,0.0
741,0.0,1.0,0.0
742,0.0,1.0,0.0
743,0.0,1.0,0.0
744,0.0,1.0,0.0
745,0.0,1.0,0.0
746,0.0,1.0,0.0
747,0.0,1.0,0.0
748,0.0,1.0,0.0
749,0.0,1.0,0.0
750,0.0,1.0,0.0
751,0.0,1.0,0.0
752,0.0,1.0,0.0
753,0.0,1.0,0.0
754,0.0,1.0,0.0
755,0.0,1.0,0.0
756,0.0,1.0,0.0
757,0.0,1.0,0.0
758,0.0,1.0,0.0
759,0.0,1.0,0.0
760,0.0,1.0,0.0
761,0.0,1.0,0.0
762,0.0,1.0,0.0
763,0.0,1.0,0.0
764,0.0,1.0,0.0
765,0.0,1.0,0.0
766,0.0,1.0,0.0
767,0.0,1.0,0.0
768,0.0,1.0,0.0
769,0.0,1.0,0.0
770,0.0,1.0,0.0
771,0.0,1.0,0.0
772,0.0,1.0,0.0
773,0.0,1.0,0.0
774,0.0,1.0,0.0
775,0.0,1.0,0.0
776,0.0,1.0,0.0
777,0.0,1.0,0.0
778,0.0,1.0,0.0
779,0.0,1.0,0.0
780,0.0,1.0,0.0
781,0.0,1.0,0.0
782,0.0,1.0,0.0
783,0.0,1.0,0.0
784,0.0,1.0,0.0
785,0.0,1.0,0.0
786,0.0,1.0,0.0
787,0.0,1.0,0.0
788,0.0,1.0,0.0
789,0.0,1.0,0.0
790,0.0,1.0,0.0
791,0.0,1.0,0.0
792,0.0,1.0,0.0
793,0.0,1.0,0.0
794,0.0,1.0,0.0
795,0.0,1.0,0.0
796,0.0,1.0,0.0
797,0.0,1.0,0.0
798,0.0,1.0,0.0
799,0.0,1.0,0.0
800,0.0,1.0,0.0
801,0.0,1.0,0.0
802,0.0,1.0,0.0
803,0.0,1.0,0.0
804,0.0,1.0,0.0
805,0.0,1.0,0.0
806,0.0,1.0,0.0
807,0.0,1.0,0.0
808,0.0,1.0,0.0
809,0.0,1.0,0.0
810,0.0,1.0,0.0
811,0.0,1.0,0.0
812,0.0,1.0,0.0
813,0.0,1.0,0.0
814,0.0,1.0,0.0
815,0.0,1.0,0.0
816,0.0,1.0,0.0
817,0.0,1.0,0.0
818,0.0,1.0,0.0
819,0.0,1.0,0.0
820,0.0,1.0,0.0
821,0.0,1.0,0.0
822,0.0,1.0,0.0
823,0.0,1.0,0.0
824,0.0,1.0,0.0
825,0.0,1.0,0.0
826,0.0,1.0,0.0
827,0.0,1.0,0.0
828,0.0,1.0,0.0
829,0.0,1.0,0.0
830,0.0,1.0,0.0
831,0.0,1.0,0.0
832,0.0,1.0,0.0
833,0.0,1.0,0.0
834,0.0,1.0,0.0
835,0.0,1.0,0.0
836,0.0,1.0,0.0
837,0.0,1.0,0.0
838,0.0,1.0,0.0
839,0.0,1.0,0.0
840,0.0,1.0,0.0
841,0.0,1.0,0.0
842,0.0,1.0,0.0
843,0.0,1.0,0.0
844,0.0,1.0,0.0
845,0.0,1.0,0.0
846,0.0,1.0,0.0
847,0.0,1.0,0.0
848,0.0,1.0,0.0
849,0.0,1.0,0.0
850,0.0,1.0,0.0
851,0.0,1.0,0.0
852,0.0,1.0,0.0
853,0.0,1.0,0.0
854,0.0,1.0,0.0
855,0.0,1.0,0.0
856,0.0,1.0,0.0
857,0.0,1.0,0.0
858,0.0,1.0,0.0
859,0.0,1.0,0.0
860,0.0,1.0,0.0
861,0.0,1.0,0.0
862,0.0,1.0,0.0
863,0.0,1.0,0.0
864,0.0,1.0,0.0
865,0.0,1.0,0.0
866,0.0,1.0,0.0
867,0.0,1.0,0.0
868,0.0,1.0,0.0
869,0.0,1.0,0.0
870,0.0,1.0,0.0
871,0.0,1.0,0.0
872,0.0,1.0,0.0
873,0.0,1.0,0.0
874,0.0,1.0,0.0
875,0.0,1.0,0.0
876,0.0,1.0,0.0
877,0.0,1.0,0.0
878,0.0,1.0,0.0
879,0.0,1.0,0.0
880,0.0,1.0,0.0
881,0.0,1.0,0.0
882,0.0,1.0,0.0
883,0.0,1.0,0.0
884,0.0,1.0,0.0
885,0.0,1.0,0.0
886,0.0,1.0,0.0
887,0.0,1.0,0.0
888,0.0,1.0,0.0
889,0.0,1.0,0.0
890,0.0,1.0,0.0
891,0.0,1.0,0.0
892,0.0,1.0,0.0
893,0.0,1.0,0.0
894,0.0,1.0,0.0
895,0.0,1.0,0.0
896,0.0,1.0,0.0
897,0.0,1.0,0.0
898,0.0,1.0,0.0
899,0.0,1.0,0.0
900,0.0,1.0,0.0
901,0.0,1.0,0.0
902,0.0,1.0,0.0
903,0.0,1.0,0.0
904,0.0,1.0,0.0
905,0.0,1.0,0.0
906,0.0,1.0,0.0
907,0.0,1.0,0.0
908,0.0,1.0,0.0
909,0.0,1.0,0.0
910,0.0,1.0,0.0
911,0.0,1.0,0.0
912,0.0,1.0,0.0
913,0.0,1.0,0.0
914,0.0,1.0,0.0
915,0.0,1.0,0.0
916,0.0,1.0,0.0
917,0.0,1.0,0.0
918,0.0,1.0,0.0
919,0.0,1.0,0.0
920,0.0,1.0,0.0
921,0.0,1.0,0.0
922,0.0,1.0,0.0
923,0.0,1.0,0.0
924,0.0,1.0,0.0
925,0.0,1.0,0.0
926,0.0,1.0,0.0
927,0.0,1.0,0.0
928,0.0,1.0,0.0
929,0.0,1.0,0.0
930,0.0,1.0,0.0
931,0.0,1.0,0.0
932,0.0,1.0,0.0
933,0.0,1.0,0.0
934,0.0,1.0,0.0
935,0.0,1.0,0.0
936,0.0,1.0,0.0
937,0.0,1.0,0.0
938,0.0,1.0,0.0
939,0.0,1.0,0.0
940,0.0,1.0,0.0
941,0.0,1.0,0.0
942,0.0,1.0,0.0
943,0.0,1.0,0.0
944,0.0,1.0,0.0
945,0.0,1.0,0.0
946,0.0,1.0,0.0
947,0.0,1.0,0.0
948,0.0,1.0,0.0
949,0.0,1.0,0.0
950,0.0,1.0,0.0
951,0.0,1.0,0.0
952,0.0,1.0,0.0
953,0.0,1.0,0.0
954,0.0,1.0,0.0
955,0.0,1.0,0.0
956,0.0,1.0,0.0
957,0.0,1.0,0.0
958,0.0,1.0,0.0
959,0.0,1.0,0.0
960,0.0,1.0,0.0
961,0.0,1.0,0.0
962,0.0,1.0,0.0
963,0.0,1.0,0.0
964,0.0,1.0,0.0
965,0.0,1.0,0.0
966,0.0,1.0,0.0
967,0.0,1.0,0.0
968,0.0,1.0,0.0
969,0.0,1.0,0.0
970,0.0,1.0,0.0
971,0.0,1.0,0.0
972,0.0,1.0,0.0
973,0.0,1.0,0.0
974,0.0,1.0,0.0
975,0.0,1.0,0.0
976,0.0,1.0,0.0
977,0.0,1.0,0.0
978,0.0,1.0,0.0
