"gene_id","residual_variance","posterior_variance","precision_weight","prior_df","residual_df"
"780",0.178443811177623,0.1809929180002,5.52507805857295,11.7375077433574,434
"7849",0.213839981982245,0.215025202611753,4.65061763855462,11.7375077433574,434
"6193",0.339933981388422,0.337926451642335,2.95922380488406,11.7375077433574,434
"23",0.241539386123792,0.242311530650043,4.12691875338052,11.7375077433574,434
"9552",0.217487869407973,0.21928755092962,4.56022239183542,11.7375077433574,434
"387",0.172956723351023,0.175270809730573,5.70545661047155,11.7375077433574,434
"10921",0.259165525490916,0.259456628049889,3.85420872658423,11.7375077433574,434
"10285",0.235059498960128,0.236760052562095,4.22368549583647,11.7375077433574,434
"533",0.299137275528939,0.298287515710736,3.35247017501647,11.7375077433574,434
"6194",0.0573732594776421,0.0627383967640068,15.9392023318916,11.7375077433574,434
"23326",0.408137961755869,0.406529224763121,2.45984775284652,11.7375077433574,434
"351",0.141766380948609,0.144967573010284,6.89809437541637,11.7375077433574,434
"1213",0.283180638328377,0.28279122254263,3.5361776472721,11.7375077433574,434
"9761",0.194820177723432,0.196547619535364,5.08782554764075,11.7375077433574,434
"1465",1.87360901622964,1.83121620067125,0.546085164402457,11.7375077433574,434
"808",0.270826021269489,0.270572781396002,3.69586325291319,11.7375077433574,434
"5792",0.289036216303831,0.288409029225018,3.46729782589364,11.7375077433574,434
"3337",1.94120994638485,1.89724925683526,0.52707887295108,11.7375077433574,434
"7494",0.451052705565565,0.450624839775177,2.21914087225843,11.7375077433574,434
"2896",0.452356186104852,0.447804928100889,2.23311521880952,11.7375077433574,434
"3098",0.243012239881721,0.243455050528136,4.10753442095641,11.7375077433574,434
"11014",0.204720292660572,0.206172971500441,4.85029629598108,11.7375077433574,434
"6500",0.30938963780266,0.308066079470965,3.24605682559169,11.7375077433574,434
"823",0.178801066507168,0.181208003736404,5.5185200398469,11.7375077433574,434
"813",0.221956789268248,0.22296901659742,4.48492806426798,11.7375077433574,434
"1509",0.147791937266853,0.150940428935177,6.62513023882728,11.7375077433574,434
"4144",0.24130045962253,0.242481194422691,4.12403115375953,11.7375077433574,434
"3925",0.209952946834471,0.21156728930928,4.72662859776091,11.7375077433574,434
"1891",0.187022781316195,0.189053397661329,5.28951085973817,11.7375077433574,434
"8826",0.212660640418583,0.213898449340683,4.67511570599217,11.7375077433574,434
"3303",0.6138798926574,0.605668671052214,1.65106773355591,11.7375077433574,434
"3329",0.287316268998604,0.28665554072659,3.48850748694857,11.7375077433574,434
"1153",0.262340826080371,0.262324123272213,3.81207792682606,11.7375077433574,434
"5720",0.193581247081266,0.195340366351654,5.11926960452091,11.7375077433574,434
"5048",0.29509851875332,0.29442558679579,3.39644393981827,11.7375077433574,434
"10525",0.372346012619247,0.369471734180921,2.7065669914287,11.7375077433574,434
"5708",0.577287189677217,0.56909241218277,1.75718385730091,11.7375077433574,434
"2058",0.243307258291452,0.243779989498408,4.10205941044448,11.7375077433574,434
"5710",0.153649961302993,0.156566905482453,6.38704582503276,11.7375077433574,434
"5223",0.246601729730711,0.247245476340975,4.04456338210575,11.7375077433574,434
"6772",0.432105440874717,0.427598420112483,2.33864287837392,11.7375077433574,434
"2288",0.12037804378377,0.124095067097717,8.05833804185437,11.7375077433574,434
"3895",0.21150799042777,0.21282955468867,4.69859555672526,11.7375077433574,434
"10972",0.189251082905167,0.191158292339141,5.23126665217255,11.7375077433574,434
"226",1.53396533326686,1.50062426809517,0.666389329601712,11.7375077433574,434
"10099",0.218818879005997,0.219874424027613,4.54805057215029,11.7375077433574,434
"2778",1.2553139413683,1.22975313280075,0.813171337667185,11.7375077433574,434
"3091",0.180760560849793,0.183034341912205,5.46345559829238,11.7375077433574,434
"16",0.285225441341852,0.284647718032092,3.51311441002754,11.7375077433574,434
"6184",0.11911234871125,0.122860433963423,8.13931684709586,11.7375077433574,434
"10606",0.225278289429575,0.226627407175496,4.41252897195095,11.7375077433574,434
"10904",0.200385675069052,0.202059236096027,4.94904375232201,11.7375077433574,434
"3033",0.209967709806836,0.21152646060948,4.72754092853754,11.7375077433574,434
"2771",0.244435073570344,0.245052316460054,4.08076126129177,11.7375077433574,434
"9491",0.340641208755591,0.338607087542723,2.95327545343784,11.7375077433574,434
"10398",0.32561258619985,0.324105148719971,3.08541843271983,11.7375077433574,434
"4313",0.374309908958478,0.371450676182475,2.69214747507621,11.7375077433574,434
"6599",0.239528932149277,0.240532218248652,4.15744721135962,11.7375077433574,434
"9375",0.265198900780845,0.265218546929869,3.77047537427474,11.7375077433574,434
"8396",0.39292461907511,0.389657118537349,2.5663588637972,11.7375077433574,434
"5829",0.211326559527137,0.212741692484932,4.70053607414461,11.7375077433574,434
"9276",0.243862597057541,0.244256795601512,4.09405190769567,11.7375077433574,434
"5211",0.157998129451129,0.160921331839697,6.21421652783832,11.7375077433574,434
"10857",0.174007415180485,0.176483360866543,5.66625655296877,11.7375077433574,434
"3693",0.235524844407873,0.236700849617629,4.2247419120608,11.7375077433574,434
"5355",0.197089157868128,0.198869503930519,5.02842306253944,11.7375077433574,434
"4780",0.293423559011234,0.29327965807518,3.40971483178577,11.7375077433574,434
"4154",0.302132762867853,0.30116370882179,3.32045319773817,11.7375077433574,434
"4836",0.211295713074561,0.213046706080963,4.69380643519538,11.7375077433574,434
"8553",0.113192403116643,0.117182653790679,8.53368623812085,11.7375077433574,434
"54386",0.150436616578157,0.153385246424085,6.51953185402958,11.7375077433574,434
"25793",0.175079829878907,0.177879702266571,5.6217768933602,11.7375077433574,434
"5654",0.32843431563505,0.326710255835769,3.06081606603338,11.7375077433574,434
"4043",0.204260885816217,0.205827050057428,4.85844790430116,11.7375077433574,434
"8804",0.298009470230474,0.296979233923681,3.3672388024847,11.7375077433574,434
"5111",0.208162485726495,0.209965435602197,4.76268866412189,11.7375077433574,434
"5641",0.263865075460432,0.264380347424523,3.78242940423356,11.7375077433574,434
"3611",0.227590549259972,0.228423322619995,4.37783667854092,11.7375077433574,434
"481",0.202706301040082,0.204186763802862,4.89747710074626,11.7375077433574,434
"6856",0.189544752300317,0.191994808086666,5.20847417680482,11.7375077433574,434
"7296",0.227039271353917,0.227891324240807,4.38805647091386,11.7375077433574,434
"23386",0.228024272523379,0.229002774811705,4.36675931469494,11.7375077433574,434
"7153",0.459637241125094,0.454930513099748,2.19813789404084,11.7375077433574,434
"10494",0.181624214889461,0.184031338981799,5.43385711114618,11.7375077433574,434
"10969",0.362200264915426,0.359811872842035,2.77923013518518,11.7375077433574,434
"23365",0.109767045345105,0.113704011919803,8.7947644336887,11.7375077433574,434
"6342",0.150967180392176,0.153954475836921,6.49542661597748,11.7375077433574,434
"10730",0.547785786705591,0.540519148010895,1.85007321883043,11.7375077433574,434
"79073",0.202542817841185,0.205402037806554,4.86850087116366,11.7375077433574,434
"7165",0.358020056061423,0.355425590148458,2.81352842259419,11.7375077433574,434
"10491",0.183605323452292,0.185954535864808,5.37765855158821,11.7375077433574,434
"10131",0.144608225012395,0.147871607291866,6.76262345634899,11.7375077433574,434
"3482",0.22094438800279,0.221941965848116,4.50568235790225,11.7375077433574,434
"26227",0.185769985999414,0.187694855726245,5.32779652447432,11.7375077433574,434
"26020",0.207160350082823,0.208777687257733,4.7897838755418,11.7375077433574,434
"6659",0.247803484122187,0.248442595122258,4.0250746837832,11.7375077433574,434
"847",0.211485047678608,0.212830142446395,4.69858258095123,11.7375077433574,434
"6009",0.149293272911567,0.152258080191489,6.56779593399798,11.7375077433574,434
"9261",0.278811806954047,0.278287335732387,3.59340822092474,11.7375077433574,434
"9805",0.25826927677713,0.259365162922511,3.85556791333138,11.7375077433574,434
"3725",0.253862105014575,0.253997995762605,3.93703894000264,11.7375077433574,434
"6464",0.340806454401829,0.338678384255599,2.95265374611361,11.7375077433574,434
"8878",0.258458268601707,0.258523555038114,3.86811948277816,11.7375077433574,434
"5547",0.208945549995525,0.21025863799431,4.75604716904454,11.7375077433574,434
"7874",0.355507614935488,0.354272958260783,2.82268227557999,11.7375077433574,434
"4792",0.277852582221987,0.278639791620348,3.58886286192217,11.7375077433574,434
"10146",0.55500119064529,0.547551088581778,1.82631360041694,11.7375077433574,434
"9868",0.191402991573523,0.193465683463761,5.16887533797339,11.7375077433574,434
"6117",0.200955864097943,0.202558327424362,4.93684961124798,11.7375077433574,434
"7538",0.236064247331008,0.236790781923501,4.22313736994655,11.7375077433574,434
"1845",0.401045642769328,0.398183641026705,2.51140402810505,11.7375077433574,434
"10765",0.197366255282358,0.199126726829943,5.0219275730576,11.7375077433574,434
"4172",0.188093541389644,0.191081643363494,5.2333650810073,11.7375077433574,434
"25932",3.39531264864831,3.3133215905873,0.301811934839306,11.7375077433574,434
"22883",0.209529418197294,0.210883098582925,4.74196370747452,11.7375077433574,434
"3398",0.320886157055768,0.31935143844564,3.13134647167159,11.7375077433574,434
"1635",0.231106994378156,0.23257470989089,4.29969363594665,11.7375077433574,434
"2195",0.181714830000615,0.183980178609362,5.43536813345127,11.7375077433574,434
"8243",0.511616640088953,0.505700827984647,1.97745375261747,11.7375077433574,434
"11188",0.181115770114644,0.183279538838136,5.45614642168623,11.7375077433574,434
"11137",0.578000873740733,0.571017995700279,1.75125829226035,11.7375077433574,434
"23463",0.226921452395389,0.227811316532405,4.38959756355103,11.7375077433574,434
"8607",0.306383468702897,0.305519291595828,3.27311573281239,11.7375077433574,434
"8720",0.187925063083579,0.18992643802222,5.26519641190243,11.7375077433574,434
"3638",0.392695627271713,0.390219627796141,2.56265940708247,11.7375077433574,434
"10670",0.182122274180071,0.184156626842577,5.43016027794011,11.7375077433574,434
"8870",0.299301994914247,0.298548294740004,3.34954182495287,11.7375077433574,434
"9246",0.334809796567248,0.332871379889421,3.00416335081796,11.7375077433574,434
"10051",0.198715964626205,0.201027687849532,4.97443914665374,11.7375077433574,434
"9097",0.226769176878441,0.227755283228653,4.39067751063347,11.7375077433574,434
"1958",0.204735276392364,0.206159768618549,4.85060691860918,11.7375077433574,434
"4860",0.187331167627139,0.18941087849069,5.27952780731733,11.7375077433574,434
"1786",0.251605673610938,0.252199670238609,3.96511224243033,11.7375077433574,434
"896",0.326699007742911,0.324944518735618,3.0774484330158,11.7375077433574,434
"8508",0.179642843402256,0.181941300107325,5.49627819197791,11.7375077433574,434
"4605",0.204002144372456,0.205718906807316,4.86100191528159,11.7375077433574,434
"2037",0.343148059202933,0.340937049405786,2.93309278572946,11.7375077433574,434
"1994",0.194195002316083,0.196142715293223,5.09832852321358,11.7375077433574,434
"9703",0.292723873026652,0.291996571210413,3.42469774852047,11.7375077433574,434
"7157",0.275734376748526,0.276164444126226,3.62103095191694,11.7375077433574,434
"6118",0.196081544332318,0.197911350198798,5.05276730715807,11.7375077433574,434
"10797",0.222831989103542,0.223805652428281,4.46816239514081,11.7375077433574,434
"5721",0.127653052049673,0.131182147964512,7.6229884593026,11.7375077433574,434
"1616",0.211681803587941,0.213411966807923,4.68577285031082,11.7375077433574,434
"60528",0.207087390041232,0.209110662187031,4.78215691893122,11.7375077433574,434
"9918",0.257771671821186,0.257980817884668,3.87625718919557,11.7375077433574,434
"9813",0.243328302707953,0.243742783920475,4.10268556022675,11.7375077433574,434
"11325",0.31148300324593,0.310426533206252,3.22137411925283,11.7375077433574,434
"3930",0.244437048445581,0.24498303086906,4.08191537369984,11.7375077433574,434
"9467",0.275142616445563,0.274963809839093,3.63684224693131,11.7375077433574,434
"9690",0.369735983247311,0.366865458766586,2.72579490956176,11.7375077433574,434
"949",0.179416545537027,0.181512201561874,5.5092715056906,11.7375077433574,434
"51097",0.222814455355858,0.224091145619526,4.46246993488021,11.7375077433574,434
"6603",0.157595663219843,0.16074531952886,6.22102094748992,11.7375077433574,434
"10276",0.232494992149452,0.233192137859103,4.28830924224473,11.7375077433574,434
"3066",0.192540858942675,0.194723900476456,5.13547642355751,11.7375077433574,434
"3315",0.0632795639333564,0.0684834774851486,14.6020622305119,11.7375077433574,434
"3988",0.215388152940593,0.216740434931862,4.61381375521544,11.7375077433574,434
"664",0.237815708550825,0.238398099557402,4.19466431090076,11.7375077433574,434
"994",0.81976568536899,0.805543014110355,1.24139863729612,11.7375077433574,434
"23300",0.302222612706589,0.301120592841441,3.32092863714094,11.7375077433574,434
"10953",0.248284816786514,0.248626857824339,4.02209161452108,11.7375077433574,434
"9019",0.318064972165583,0.316736473238752,3.15719875824409,11.7375077433574,434
"3597",0.40612217152805,0.402278293279368,2.48584131111826,11.7375077433574,434
"84722",0.219459426336851,0.221029966775834,4.52427340322676,11.7375077433574,434
"7319",0.304208854280724,0.303018018419049,3.30013378484008,11.7375077433574,434
"80347",0.191628784178857,0.193740299568614,5.16154874451326,11.7375077433574,434
"10489",0.291346766313958,0.291378967521835,3.43195670059838,11.7375077433574,434
"23077",0.19328504782388,0.195063157491214,5.1265447194714,11.7375077433574,434
"10180",0.180373543107703,0.182454526711171,5.48081770304894,11.7375077433574,434
"5236",0.136879634374368,0.140095671854969,7.13797925916819,11.7375077433574,434
"4651",0.16436148588252,0.166965472661315,5.98926223524354,11.7375077433574,434
"6251",0.186521663685636,0.188425852401679,5.30712737797911,11.7375077433574,434
"1956",0.113349152507076,0.117245776487933,8.52909187822997,11.7375077433574,434
"9897",0.23200931797186,0.232829929030222,4.29498047851999,11.7375077433574,434
"2131",0.500358880710593,0.494002677933496,2.02428052451696,11.7375077433574,434
"23013",0.350453728251224,0.348591905403636,2.86868393814852,11.7375077433574,434
"5782",0.184624660306197,0.187023678069903,5.34691655259948,11.7375077433574,434
"11344",0.213214582723715,0.214503750210365,4.66192315527954,11.7375077433574,434
"7082",0.169811941805061,0.172313372340975,5.80338012316998,11.7375077433574,434
"4232",0.199128941042683,0.200804795195436,4.97996075754435,11.7375077433574,434
"230",0.357299578860949,0.357426170464983,2.79778058416674,11.7375077433574,434
"5927",0.171140843270792,0.173478782505477,5.76439369447631,11.7375077433574,434
"26064",0.330794790462045,0.328957990639688,3.0399018368741,11.7375077433574,434
"329",0.374230400597119,0.371361669283879,2.69279272125302,11.7375077433574,434
"1514",0.258550149357193,0.258600696720952,3.86696560635747,11.7375077433574,434
"54623",0.23310277847514,0.234787721465189,4.25916650904706,11.7375077433574,434
"332",0.196645216677544,0.198941909371546,5.026592954491,11.7375077433574,434
"5899",0.227942601140216,0.22875976312932,4.37139812666571,11.7375077433574,434
"23647",0.239674519582876,0.240434323434071,4.15913995022515,11.7375077433574,434
"392",0.242069125104992,0.242885745912068,4.11716215064357,11.7375077433574,434
"8895",0.194396468075013,0.196167618683703,5.09768129271315,11.7375077433574,434
"25",0.435354589372735,0.431276364210543,2.31869882744563,11.7375077433574,434
"66008",0.23684734288549,0.237659237571926,4.20770515893521,11.7375077433574,434
"5831",0.169515903097322,0.171999519565869,5.81396972807846,11.7375077433574,434
"23636",0.268125506241776,0.27066030921514,3.69466806160015,11.7375077433574,434
"5108",0.202387787169136,0.204133589162045,4.89875284172946,11.7375077433574,434
"642",0.215569234217132,0.216995689038551,4.6083864819192,11.7375077433574,434
"9961",0.276325860651872,0.276598406263312,3.61534982615928,11.7375077433574,434
"55746",0.216281619281536,0.217404945338515,4.59971137474784,11.7375077433574,434
"8985",0.177759562452865,0.180161099251438,5.55058780255538,11.7375077433574,434
"5525",0.218486862972092,0.220088701222965,4.54362261417015,11.7375077433574,434
"9688",0.271642527921216,0.271474803462014,3.68358310696752,11.7375077433574,434
"10123",0.350484681489043,0.348080892694836,2.87289541306912,11.7375077433574,434
"22889",0.295579457044338,0.295104961049287,3.38862483519206,11.7375077433574,434
"1398",0.468928895918848,0.463866061435043,2.15579470700301,11.7375077433574,434
"10523",0.233874909254052,0.235159065125119,4.25244078712398,11.7375077433574,434
"5347",0.414725838917252,0.413780148398651,2.41674233012397,11.7375077433574,434
"10221",0.302619048225502,0.30184609670463,3.31294660065969,11.7375077433574,434
"1019",0.36864913758019,0.366700101795138,2.72702405890976,11.7375077433574,434
"6812",0.331109581943113,0.330221940032903,3.02826638320991,11.7375077433574,434
"6944",0.25926815779381,0.25956648980158,3.85257742925301,11.7375077433574,434
"3028",0.199586978139296,0.201298609004492,4.96774421316387,11.7375077433574,434
"1026",0.312258518912663,0.310856036626734,3.21692321259557,11.7375077433574,434
"1277",0.230005160579706,0.231319142190405,4.32303176698137,11.7375077433574,434
"26054",0.259087315979945,0.260955658028838,3.83206866466751,11.7375077433574,434
"64746",0.282881598841973,0.282276880234096,3.54262098677968,11.7375077433574,434
"1445",0.229970503860209,0.232039464138063,4.30961174520297,11.7375077433574,434
"1454",0.232086969688781,0.233493526877473,4.28277397396441,11.7375077433574,434
"1861",0.500391319518363,0.494716721672106,2.02135880230624,11.7375077433574,434
"9697",0.154175424994521,0.15694478924589,6.37166741759911,11.7375077433574,434
"79921",0.284377014579605,0.284356125779614,3.51671692409762,11.7375077433574,434
"10007",0.216267445718379,0.217961077793578,4.58797511061611,11.7375077433574,434
"5997",0.440890105618925,0.439812367257358,2.27369686358739,11.7375077433574,434
"55324",0.289604242448727,0.288993421930252,3.46028637372011,11.7375077433574,434
"10915",0.251032162875405,0.253322777282691,3.94753290930514,11.7375077433574,434
"7398",0.247247152439155,0.248771260488209,4.01975693670369,11.7375077433574,434
"9817",0.304771268583142,0.306262106149104,3.26517704907688,11.7375077433574,434
"7994",0.230713975889495,0.231665263273057,4.31657291158636,11.7375077433574,434
"25874",0.204833355941236,0.206273209871607,4.84793929673388,11.7375077433574,434
"4609",0.296203999369439,0.29884623810793,3.34620240271803,11.7375077433574,434
"10237",0.200757595033651,0.202350080282523,4.94193033481278,11.7375077433574,434
"5359",0.333488127022054,0.331777051930906,3.01407223368858,11.7375077433574,434
"1666",0.225367987495461,0.226533888103601,4.41435057850007,11.7375077433574,434
"2065",0.395014860581502,0.391841946848018,2.55204938635083,11.7375077433574,434
"11098",0.186141781097774,0.188856135675557,5.29503580290309,11.7375077433574,434
"11044",0.309109223714017,0.308289871023094,3.24370047151206,11.7375077433574,434
"8727",0.221107183449278,0.222105765394822,4.50235948725767,11.7375077433574,434
"8518",0.323534371110627,0.322116759028983,3.10446436569922,11.7375077433574,434
"10450",0.209025135394228,0.210645957769762,4.74730211102845,11.7375077433574,434
"3300",0.374220635206055,0.371190749240352,2.69403265584209,11.7375077433574,434
"6616",0.24507474657691,0.24545993649182,4.07398459517374,11.7375077433574,434
"9275",0.178407831637697,0.180577098183946,5.53780080672989,11.7375077433574,434
"2582",0.210115571495039,0.21149305167807,4.72828772418575,11.7375077433574,434
"3156",0.260596194500337,0.260630317118077,3.83685217843232,11.7375077433574,434
"5580",0.220271730472252,0.221536843467166,4.51392185764446,11.7375077433574,434
"9217",0.254907707193997,0.255607532391844,3.91224777549595,11.7375077433574,434
"4638",0.148602558298904,0.151537923750882,6.59900819047732,11.7375077433574,434
"6284",0.30617284713987,0.305205737562314,3.27647837811644,11.7375077433574,434
"8204",0.766783735019382,0.759464904117366,1.31671653894551,11.7375077433574,434
"27336",0.20042085190318,0.202148318109607,4.94686282503616,11.7375077433574,434
"102",0.250669256089381,0.250888709254279,3.9858310203449,11.7375077433574,434
"55837",0.279821862370792,0.279274215331831,3.58071008743793,11.7375077433574,434
"5054",0.176129413600221,0.178306581861702,5.60831792948407,11.7375077433574,434
"10513",0.386406108419483,0.383158528638571,2.6098857920589,11.7375077433574,434
"11073",0.252710790506979,0.253495271349946,3.94484676055167,11.7375077433574,434
"5440",0.374907912150164,0.371943200342677,2.68858255528985,11.7375077433574,434
"3383",0.512453020106901,0.505883171698371,1.97674098674356,11.7375077433574,434
"4893",0.203884888614085,0.205802105328212,4.85903678392991,11.7375077433574,434
"9926",0.210801600555347,0.212510482806233,4.7056502192026,11.7375077433574,434
"5699",0.255505850559035,0.2558544338162,3.90847242740525,11.7375077433574,434
"6390",0.176950950691943,0.179353986795864,5.57556605161042,11.7375077433574,434
"5921",0.28916160073191,0.2885699378466,3.46536443630377,11.7375077433574,434
"2958",0.205084947098564,0.206557445242622,4.84126824295973,11.7375077433574,434
"4864",0.417475667407638,0.415720507008411,2.40546228329258,11.7375077433574,434
"2961",0.173771720811681,0.176083345990325,5.67912879196962,11.7375077433574,434
"8731",0.236230563733088,0.237119684392291,4.21727956733276,11.7375077433574,434
"29890",0.271673301906192,0.271909045609409,3.6777003786644,11.7375077433574,434
"9943",0.21044557229884,0.211835568352934,4.72064256146977,11.7375077433574,434
"8446",0.248170478433502,0.248605888807403,4.02243086355331,11.7375077433574,434
"9133",0.453366424595024,0.449161484477565,2.22637076988721,11.7375077433574,434
"8349",0.225326881964055,0.226305372768401,4.41880803697661,11.7375077433574,434
"5770",0.261198857065285,0.261259166054014,3.82761690280086,11.7375077433574,434
"26136",0.671944009093355,0.661128780853311,1.51256461518634,11.7375077433574,434
"2673",0.250675775552529,0.250938702668215,3.98503694076308,11.7375077433574,434
"3978",0.202490094307625,0.204712096802459,4.88490917546982,11.7375077433574,434
"11142",0.349898372581526,0.347532236467932,2.87743091162788,11.7375077433574,434
"8974",0.184406355056223,0.186520969074225,5.3613274955807,11.7375077433574,434
"10682",0.266233698824028,0.266224362966129,3.75623022948965,11.7375077433574,434
"5257",0.1486958123355,0.15161024451215,6.59586034715393,11.7375077433574,434
"8503",0.150359431996712,0.153229901694814,6.52614136626993,11.7375077433574,434
"7485",0.315069875520417,0.313592321570995,3.18885358860296,11.7375077433574,434
"2817",0.177318377101209,0.179643322826108,5.5665859675062,11.7375077433574,434
"23224",0.309906900592136,0.308792587928861,3.23841970012045,11.7375077433574,434
"836",0.257415066393137,0.257458382881735,3.884122897095,11.7375077433574,434
"30836",0.280880709301841,0.281170238626325,3.55656418291482,11.7375077433574,434
"7750",0.46783777550606,0.463748222346891,2.15634249752872,11.7375077433574,434
"5019",0.222909708012539,0.224114873199717,4.46199748246455,11.7375077433574,434
"23530",0.282539460995628,0.282082483768614,3.54506237551523,11.7375077433574,434
"7867",0.331358930738808,0.329789647837679,3.03223587082453,11.7375077433574,434
"3628",0.152608982280945,0.155441322068039,6.43329577164998,11.7375077433574,434
"22908",0.228492295005491,0.22960785609593,4.35525167563169,11.7375077433574,434
"5566",0.226888698605194,0.227729276234544,4.39117893199677,11.7375077433574,434
"65123",0.248020072610248,0.249449006723224,4.00883536533601,11.7375077433574,434
"10617",0.222392659949067,0.223703662707237,4.47019949471596,11.7375077433574,434
"2548",0.251207382427223,0.251494401193005,3.97623165866252,11.7375077433574,434
"6894",0.358542246753706,0.356907411782549,2.80184710932611,11.7375077433574,434
"291",0.291154221263504,0.290316374566632,3.44451807615999,11.7375077433574,434
"2542",0.354817579102305,0.352777908501386,2.83464461889929,11.7375077433574,434
"5106",0.348991520014444,0.34662168293451,2.88498974309388,11.7375077433574,434
"3251",0.462383706930113,0.457691007608704,2.18488015577299,11.7375077433574,434
"2184",0.186183607932171,0.188228481844528,5.31269226740071,11.7375077433574,434
"10775",0.185188681398591,0.187458358181906,5.33451807483355,11.7375077433574,434
"991",0.598069133957265,0.58988829009418,1.69523622827018,11.7375077433574,434
"9267",0.175395682563922,0.177721130387551,5.62679293013347,11.7375077433574,434
"54541",0.294227325003668,0.293668905666778,3.40519537718673,11.7375077433574,434
"9053",3.6411610182217,3.55297134926531,0.281454563433725,11.7375077433574,434
"4817",0.296104879412823,0.295173489441946,3.387838121542,11.7375077433574,434
"4927",0.239270658358466,0.240370821089669,4.1602387322501,11.7375077433574,434
"7466",0.327629583379543,0.326258300659686,3.06505611651267,11.7375077433574,434
"976",0.242754148811238,0.243352020583382,4.1092734615588,11.7375077433574,434
"2956",0.529938948759562,0.523677067151517,1.90957378645467,11.7375077433574,434
"9917",0.227261054198422,0.228707049714712,4.37240566588304,11.7375077433574,434
"5300",0.463440816252011,0.458162291464973,2.18263270161868,11.7375077433574,434
"2109",0.221776266536912,0.222960452131145,4.48510034152515,11.7375077433574,434
"2356",0.339057326478686,0.337629372344606,2.96182761901217,11.7375077433574,434
"2274",0.279342809674326,0.280623363185256,3.5634951724951,11.7375077433574,434
"1429",0.267611933228603,0.267422472961458,3.73940151299148,11.7375077433574,434
"11065",0.24655667553345,0.247649333784752,4.03796765659448,11.7375077433574,434
"5993",0.430254672271331,0.425749402012179,2.34879954093604,11.7375077433574,434
"9915",0.404072064481826,0.40043855073979,2.49726205969068,11.7375077433574,434
"5836",0.179511177717672,0.181648369305695,5.5051416306254,11.7375077433574,434
"57804",0.219998554433974,0.221023725928627,4.52440115104619,11.7375077433574,434
"10434",0.507858375390749,0.501869081862388,1.99255151620238,11.7375077433574,434
"11319",0.205977602761179,0.207491784500054,4.81946792452277,11.7375077433574,434
"5796",0.50193767630665,0.495661309067008,2.01750667584347,11.7375077433574,434
"8914",0.232791506306256,0.234158777425675,4.27060651321266,11.7375077433574,434
"6793",0.2762813929485,0.276109006179863,3.62175799274212,11.7375077433574,434
"7158",0.215517047021898,0.216799602317788,4.61255458639718,11.7375077433574,434
"6988",0.413110861826291,0.409067626299256,2.44458357422898,11.7375077433574,434
"8050",0.272990437405028,0.273252171559471,3.65962324944363,11.7375077433574,434
"9903",0.336248248850217,0.334223107970077,2.9920133472325,11.7375077433574,434
"22796",0.369096480752678,0.366283946583556,2.7301223799932,11.7375077433574,434
"10059",0.438533364134191,0.433979558711514,2.3042559953031,11.7375077433574,434
"2185",0.260454374523759,0.260414779382294,3.84002782934213,11.7375077433574,434
"9924",0.33793694249229,0.336101423215212,2.97529236988587,11.7375077433574,434
"79080",0.420341618938477,0.417731128908166,2.39388432127078,11.7375077433574,434
"7159",0.275542584157237,0.275316101922789,3.63218857529969,11.7375077433574,434
"4891",0.246997953338609,0.247633451022334,4.03822664454897,11.7375077433574,434
"9517",0.156074513893608,0.158943903306544,6.29152788623398,11.7375077433574,434
"3800",0.288432252777027,0.288049461344389,3.47162600246772,11.7375077433574,434
"5925",0.296434789179202,0.29553675161691,3.38367392389915,11.7375077433574,434
"6908",0.269804840828707,0.269625402175489,3.70884935889363,11.7375077433574,434
"8520",0.462379088049818,0.457591737697311,2.18535414348212,11.7375077433574,434
"10298",0.190783259156796,0.193402479306186,5.17056453250966,11.7375077433574,434
"7077",0.251624747048588,0.251815695404408,3.97115834417721,11.7375077433574,434
"23378",0.387457304468919,0.384326036048181,2.60195746893046,11.7375077433574,434
"6275",0.178899247461583,0.181024675339168,5.52410878863006,11.7375077433574,434
"11041",0.16049116516927,0.164236861776928,6.08876709637959,11.7375077433574,434
"10058",0.30433236295977,0.303190062394732,3.29826113726007,11.7375077433574,434
"5373",0.408514608443663,0.405339624051719,2.46706697461289,11.7375077433574,434
"9650",0.271871474682217,0.271530993303212,3.6828208368955,11.7375077433574,434
"5985",0.478333535614712,0.473121169949632,2.1136234510632,11.7375077433574,434
"983",0.197697770034914,0.199359220370555,5.01607098052085,11.7375077433574,434
"8869",0.34461185786449,0.343155247826563,2.91413290728813,11.7375077433574,434
"5601",0.203889498968198,0.205509876099129,4.86594619675427,11.7375077433574,434
"7088",0.37587977872865,0.373922993933133,2.67434743576862,11.7375077433574,434
"5050",0.196056043627067,0.197789449588438,5.05588140358755,11.7375077433574,434
"3566",0.240774755881929,0.241456515812676,4.14153246862804,11.7375077433574,434
"10641",0.472691310363944,0.467117607133884,2.14078849678938,11.7375077433574,434
"1001",0.343180187782612,0.341085578367407,2.93181554255815,11.7375077433574,434
"10589",0.18002129727218,0.182138301989056,5.49033338446344,11.7375077433574,434
"1676",0.296081150988646,0.295101021256209,3.3886700755664,11.7375077433574,434
"9695",0.27494226580407,0.27473090540446,3.6399253972821,11.7375077433574,434
"9653",0.396014744835263,0.392440476586892,2.54815713378277,11.7375077433574,434
"9710",0.235222549553007,0.235932995251167,4.23849152143994,11.7375077433574,434
"4850",0.271542830550065,0.271312140613277,3.68579156737914,11.7375077433574,434
"9988",0.238907826559182,0.239451387786244,4.17621300609329,11.7375077433574,434
"1633",0.51954208914259,0.51364126673004,1.94688407021156,11.7375077433574,434
"6990",0.448256344469285,0.443284823417319,2.25588593873104,11.7375077433574,434
"25805",0.245626571401476,0.246921567205169,4.04986899815475,11.7375077433574,434
"10559",0.179619792416953,0.181720787535321,5.50294775607678,11.7375077433574,434
"8440",0.260367812180305,0.260563104475873,3.83784190018581,11.7375077433574,434
"9270",0.363641743314306,0.361517882883004,2.76611489319776,11.7375077433574,434
"5529",0.549030912492953,0.542009991679736,1.84498443820365,11.7375077433574,434
"10153",0.271882305346238,0.271947489724473,3.67718047705887,11.7375077433574,434
"10245",0.426886513212938,0.422596644800434,2.36632262064513,11.7375077433574,434
"7358",0.339908880842875,0.338765345313012,2.95189579995563,11.7375077433574,434
"22823",0.351487132953207,0.34949344362591,2.86128400471621,11.7375077433574,434
"2146",0.209582080622146,0.211049132039582,4.73823317980977,11.7375077433574,434
"26292",0.208904605457314,0.210391432553737,4.7530452540865,11.7375077433574,434
"11072",0.205775046669795,0.207228638811821,4.82558784217114,11.7375077433574,434
"8835",0.349443054733461,0.347181099046284,2.88034113247244,11.7375077433574,434
"6195",0.340900967751132,0.338800289986409,2.9515913343525,11.7375077433574,434
"348",0.187236238383489,0.1891334307977,5.28727256615789,11.7375077433574,434
"3280",0.351532521482849,0.349551158285187,2.86081157592427,11.7375077433574,434
"8624",0.333184683691123,0.331663590730637,3.01510333949245,11.7375077433574,434
"6304",0.22569327599693,0.226568005225534,4.41368585562011,11.7375077433574,434
"1643",0.271258304367367,0.271724327583705,3.68020047705131,11.7375077433574,434
"890",0.228094729608901,0.230675588263906,4.33509244530871,11.7375077433574,434
"256364",0.19625446668408,0.198098100323267,5.04800398574315,11.7375077433574,434
"11230",0.230112412473706,0.231153919964355,4.32612174673137,11.7375077433574,434
"6697",0.292698481731842,0.292693056094128,3.41654842565998,11.7375077433574,434
"22905",0.49281538099077,0.486723876239859,2.05455299979407,11.7375077433574,434
"9801",0.28653621420095,0.286698788525121,3.48798125427858,11.7375077433574,434
"9702",0.53398746729913,0.526752685285416,1.89842411426561,11.7375077433574,434
"27095",0.291887721877869,0.291174814692918,3.43436296526755,11.7375077433574,434
"24149",0.212669077460853,0.214028171739307,4.67228212002872,11.7375077433574,434
"6810",0.189222220759547,0.191351246891722,5.22599155345906,11.7375077433574,434
"9670",0.685515375367905,0.674317494387747,1.48298095233012,11.7375077433574,434
"5092",0.123388714968129,0.127164589245966,7.86382440213577,11.7375077433574,434
"4331",0.377533513447794,0.374459811596069,2.6705135478696,11.7375077433574,434
"178",0.2184428104861,0.219613639227574,4.5534512497366,11.7375077433574,434
"4016",0.196467533674568,0.198915814976229,5.02725235858949,11.7375077433574,434
"4783",0.266354370040315,0.266164640960591,3.75707305219427,11.7375077433574,434
"1459",0.283992917768668,0.283331776629611,3.52943115627748,11.7375077433574,434
"5867",0.392413036391325,0.389023213190668,2.57054069292744,11.7375077433574,434
"5423",0.235028610269599,0.235660831298181,4.2433865419693,11.7375077433574,434
"3480",0.376859054040344,0.37613994985366,2.65858492401315,11.7375077433574,434
"2263",0.363776623266227,0.36111525705637,2.76919897583806,11.7375077433574,434
"10150",0.384004571604825,0.381177459960255,2.62344998076295,11.7375077433574,434
"9797",0.348712276037701,0.346922529919015,2.88248791519374,11.7375077433574,434
"10206",0.303377435197667,0.302396642863401,3.30691501906561,11.7375077433574,434
"3162",0.311478465780527,0.312384739534156,3.20118070265293,11.7375077433574,434
"4925",0.222179627294531,0.223276620597024,4.47874926325058,11.7375077433574,434
"596",0.167499912585896,0.170353549292305,5.87014479096133,11.7375077433574,434
"5982",0.283994253425058,0.283546831016687,3.52675428046363,11.7375077433574,434
"8324",0.283770421896547,0.283119022904824,3.53208339637485,11.7375077433574,434
"5261",0.268509141407602,0.268261617367256,3.72770435746303,11.7375077433574,434
"1647",0.255268952580302,0.255371783049937,3.91585941115685,11.7375077433574,434
"3909",0.207910772783673,0.209387351032958,4.7758376762816,11.7375077433574,434
"6499",0.198900470275798,0.200645462235326,4.98391535427378,11.7375077433574,434
"701",0.360006894680941,0.357707941976944,2.79557673355895,11.7375077433574,434
"10165",0.304389502616503,0.303705803544896,3.29266016101063,11.7375077433574,434
"23635",0.291239496234001,0.290535392201256,3.44192145550134,11.7375077433574,434
"10270",0.298592241367528,0.298756167776588,3.34721123062405,11.7375077433574,434
"10954",0.107605261576654,0.11163075578037,8.95810471773089,11.7375077433574,434
"22841",0.244786324532965,0.245519476707584,4.07299662499285,11.7375077433574,434
"23011",0.32737384611886,0.325732852282491,3.07000044052282,11.7375077433574,434
"57149",0.190012282498026,0.192046582145388,5.20707001826752,11.7375077433574,434
"5909",0.204643640140529,0.206299683190168,4.84731718699827,11.7375077433574,434
"6919",0.210310965388754,0.211662290957946,4.72450711685193,11.7375077433574,434
"4794",0.238665533029403,0.239196931180789,4.18065564245966,11.7375077433574,434
"6182",0.148578356545932,0.152240559708921,6.56855178351923,11.7375077433574,434
"22926",0.200679065287684,0.202222963232979,4.9450368247641,11.7375077433574,434
"1052",0.261794691062478,0.262545462854778,3.80886414538092,11.7375077433574,434
"10681",0.19770936959864,0.199346060473107,5.01640211813921,11.7375077433574,434
"1846",0.205958100726523,0.207930128119285,4.80930786242925,11.7375077433574,434
"1050",0.213160121522898,0.214562261315543,4.66065184934531,11.7375077433574,434
"10810",0.256355026242514,0.256424721897644,3.89977999234865,11.7375077433574,434
"5613",0.296063852324344,0.295417195036196,3.38504331096054,11.7375077433574,434
"8884",0.489953128231539,0.484418271691389,2.06433171174244,11.7375077433574,434
"4216",0.14436355715409,0.148229974993351,6.74627382244958,11.7375077433574,434
"6790",0.204779126943909,0.207467435896908,4.8200335425021,11.7375077433574,434
"902",0.294516297461181,0.293638695850386,3.40554570678763,11.7375077433574,434
"7016",0.277383524014523,0.277018728082876,3.6098642388569,11.7375077433574,434
"8318",0.435319301370373,0.431034851929354,2.31999801297715,11.7375077433574,434
"2309",0.229382761368665,0.230168725950403,4.34463889857687,11.7375077433574,434
"55556",0.153653845981508,0.156888795680147,6.37394146385524,11.7375077433574,434
"3454",0.399196450296542,0.395582053417599,2.52792054482902,11.7375077433574,434
"1017",0.245990109978316,0.246330199409667,4.05959156610318,11.7375077433574,434
"79071",0.215389861989521,0.216774949279586,4.61307915570193,11.7375077433574,434
"5366",0.242843516537374,0.243326034241797,4.10971231712215,11.7375077433574,434
"5289",0.195102843790679,0.196782229061221,5.08175969329471,11.7375077433574,434
"1385",0.372867704333336,0.370414716956501,2.69967675209145,11.7375077433574,434
"5290",0.36520276428579,0.362458789299508,2.75893433825294,11.7375077433574,434
"2946",0.147273433604842,0.150235630814934,6.65621061112887,11.7375077433574,434
"8061",0.18675312966175,0.189684163952959,5.27192138321044,11.7375077433574,434
"8321",0.317649918646027,0.316266142107412,3.16189394582862,11.7375077433574,434
"23659",0.354370550542057,0.352414335713168,2.83756901652805,11.7375077433574,434
"6622",0.47920296276921,0.473449094265594,2.11215949531213,11.7375077433574,434
"4312",0.31054929472339,0.309213668295793,3.2340096914584,11.7375077433574,434
"5287",0.237134353324298,0.238461059488466,4.19355681026138,11.7375077433574,434
"960",0.584316256122029,0.575753222561189,1.7368552373039,11.7375077433574,434
"1802",0.206691466620672,0.208790005359159,4.78950128996745,11.7375077433574,434
"5480",0.289128074770542,0.288451658176605,3.46678540980253,11.7375077433574,434
"672",0.22102161549497,0.222451416177245,4.49536360426324,11.7375077433574,434
"10610",0.320370875536294,0.31922900241546,3.1325474578859,11.7375077433574,434
"9641",0.307915583105517,0.306786377779064,3.25959714130515,11.7375077433574,434
"2264",0.340432055145581,0.338299555177088,2.95596013857167,11.7375077433574,434
"9016",0.260363294151934,0.260343119407782,3.84108480483279,11.7375077433574,434
"10668",0.314613698053738,0.313194598220686,3.19290308862662,11.7375077433574,434
"11007",0.250088062994786,0.25075845402562,3.98790144039502,11.7375077433574,434
"65057",0.403575030740004,0.4000303258597,2.49981047774544,11.7375077433574,434
"7020",0.294656847394817,0.294182402422351,3.39925159277312,11.7375077433574,434
"6461",0.548238993267307,0.540755264268286,1.84926539985354,11.7375077433574,434
"9738",0.327198222371828,0.325466935447744,3.07250872849589,11.7375077433574,434
"3775",0.373600953874888,0.371749440465449,2.68998387394464,11.7375077433574,434
"993",0.211419344024341,0.213934379041304,4.67433053294782,11.7375077433574,434
"9851",0.378893449831418,0.375965411575406,2.65981914615417,11.7375077433574,434
"4690",0.380615468410681,0.37758228340245,2.64842934628408,11.7375077433574,434
"6804",4.94273166548136,4.81954878615082,0.207488303235677,11.7375077433574,434
"5743",0.416632083793098,0.412483392943391,2.42434002703532,11.7375077433574,434
"5607",0.189944226669269,0.191763585497604,5.2147543935681,11.7375077433574,434
"9854",0.159631275963488,0.162287333522167,6.16191034935827,11.7375077433574,434
"9712",0.315299832360378,0.314080783630077,3.18389424670372,11.7375077433574,434
"355",0.144829707633123,0.148131803190779,6.75074479929268,11.7375077433574,434
"5498",0.462371157151759,0.45701463636152,2.18811372861361,11.7375077433574,434
"10329",0.465973848503692,0.460990255911281,2.16924324793636,11.7375077433574,434
"10845",0.304097847128764,0.303588613545965,3.29393117982863,11.7375077433574,434
"9183",0.456007786459872,0.450896121313205,2.21780572671055,11.7375077433574,434
"9833",0.34342874799451,0.341826607225955,2.9254598058219,11.7375077433574,434
"899",0.362701357679195,0.360235072820982,2.77596512790677,11.7375077433574,434
"5883",0.231710291050908,0.233452428705722,4.28352793562302,11.7375077433574,434
"10732",0.31784010532007,0.316315817465309,3.16139739078863,11.7375077433574,434
"10782",0.232583000603754,0.233404646604568,4.2844048503207,11.7375077433574,434
"3385",0.181104930998387,0.183513973013678,5.44917634105968,11.7375077433574,434
"1662",0.296777959783073,0.295838216851497,3.38022589049735,11.7375077433574,434
"79090",0.249112886993568,0.249442481609665,4.00894023161952,11.7375077433574,434
"8851",0.167146667766128,0.170146966668821,5.87727198185336,11.7375077433574,434
"22809",0.467826356511882,0.4656080295226,2.14772928427657,11.7375077433574,434
"6777",0.110595625670947,0.114548026854454,8.72996268430368,11.7375077433574,434
"9134",0.437532964227609,0.432955421515649,2.30970661251751,11.7375077433574,434
"11157",0.283876290559805,0.284250372420944,3.51802529397959,11.7375077433574,434
"10320",0.685966645246435,0.674724852717828,1.48208561752535,11.7375077433574,434
"1062",0.313560178141236,0.312148912020662,3.20359918452577,11.7375077433574,434
"3815",0.334783472686262,0.332795939962296,3.00484435030456,11.7375077433574,434
"3682",0.478673755996815,0.473299378390112,2.11282762170831,11.7375077433574,434
"3553",0.253919408133923,0.25419938191102,3.93391987219717,11.7375077433574,434
"4998",0.471261347310217,0.465907145097517,2.14635042738118,11.7375077433574,434
"10046",0.261672449465671,0.261668946519511,3.8216227538694,11.7375077433574,434
"6443",0.201307681354176,0.203012869061053,4.92579610654763,11.7375077433574,434
"5891",0.318239444582461,0.316767042293682,3.15689407824466,11.7375077433574,434
"958",0.547302263779065,0.539889860981223,1.85222963473059,11.7375077433574,434
"8800",0.187701086046356,0.189646223512147,5.27297607872454,11.7375077433574,434
"1212",0.433596220772476,0.429158404658818,2.33014194559466,11.7375077433574,434
"965",0.426931764444329,0.423911761228727,2.35898149440689,11.7375077433574,434
"5357",0.440754126529347,0.436178699180741,2.29263831974891,11.7375077433574,434
"5110",0.225364405611587,0.226551717269075,4.41400317796886,11.7375077433574,434
"5971",0.218791361988659,0.2199117595674,4.5472784264341,11.7375077433574,434
"2769",0.483150322536366,0.477266712652789,2.09526449988876,11.7375077433574,434
"8821",0.405256702738212,0.402279263010515,2.48583531876925,11.7375077433574,434
"874",0.366752637763589,0.365063593318784,2.73924877282072,11.7375077433574,434
"1111",0.368255561442183,0.365868379318319,2.73322335716245,11.7375077433574,434
"4088",0.398861122946622,0.396867526522778,2.51973248797066,11.7375077433574,434
"1605",0.150849939398995,0.153858869839058,6.49946279370203,11.7375077433574,434
"5255",0.307975424416638,0.306993938184059,3.25739330852991,11.7375077433574,434
"4303",0.358795179229826,0.360485064300962,2.77404003391697,11.7375077433574,434
"9488",0.344603699541221,0.342870757710318,2.91655085046614,11.7375077433574,434
"5154",0.426446896966952,0.425206838726977,2.35179660560938,11.7375077433574,434
"843",0.417081517775266,0.412958576236865,2.42155038675458,11.7375077433574,434
"2690",0.271250454957029,0.271022380445469,3.68973218505549,11.7375077433574,434
"727",0.20287146929516,0.204346639813953,4.8936454296995,11.7375077433574,434
"695",0.242074490028822,0.242594171593428,4.12211057434609,11.7375077433574,434
"10557",0.364144623865781,0.362810225963703,2.75626189240885,11.7375077433574,434
"51375",0.543374478641351,0.536397741191385,1.86428823838615,11.7375077433574,434
"4846",0.13769499464066,0.140918060057224,7.09632249829382,11.7375077433574,434
"57147",0.3080674947105,0.306846593266973,3.25895747889222,11.7375077433574,434
"211",0.28979103280962,0.288987072224936,3.46036240410658,11.7375077433574,434
"9143",0.188879101914073,0.190815835151059,5.24065520667272,11.7375077433574,434
"670",0.601970898579238,0.592990900934316,1.68636651662682,11.7375077433574,434
"11232",0.370197086235346,0.367672130627219,2.71981452141635,11.7375077433574,434
"9221",0.267489867582649,0.267861837025152,3.73326790820934,11.7375077433574,434
"4776",0.269007953354356,0.268789306586572,3.72038609980162,11.7375077433574,434
"8900",0.381391058108346,0.378168826711855,2.64432160814236,11.7375077433574,434
"5427",0.287539438257878,0.288306955625299,3.46852540491483,11.7375077433574,434
"9093",0.492190873539938,0.486324705970579,2.05623935556442,11.7375077433574,434
"22887",0.3432764762204,0.341217070481253,2.93068573207548,11.7375077433574,434
"6050",0.371289654079964,0.368726792433716,2.71203509080444,11.7375077433574,434
"5889",0.544367007606712,0.536999290784203,1.86219985233064,11.7375077433574,434
"2042",1.72880262609517,1.69012577214281,0.591671943285119,11.7375077433574,434
"5583",0.208310598005119,0.209655685428582,4.76972517084752,11.7375077433574,434
"2523",0.297178937102298,0.29631305523442,3.3748091160171,11.7375077433574,434
"154",0.233156044566026,0.233838606055394,4.27645381944805,11.7375077433574,434
"2553",0.288381675484706,0.290965560271879,3.43683286456857,11.7375077433574,434
"1950",0.239321521403369,0.239916603330265,4.16811502880198,11.7375077433574,434
"9928",0.417655889687759,0.413992350175224,2.41550357048082,11.7375077433574,434
"2115",0.157758704506979,0.160472601202486,6.23159338420762,11.7375077433574,434
"1452",0.228058394600206,0.229400435498936,4.35918963198584,11.7375077433574,434
"9448",0.408190284511127,0.404694222380955,2.47100142452407,11.7375077433574,434
"2745",0.509877605889684,0.517138472400963,1.93371805303368,11.7375077433574,434
"5777",0.147757765790521,0.150703164370756,6.63556073407873,11.7375077433574,434
"10898",0.167294852791704,0.170133549501828,5.87773547855861,11.7375077433574,434
"9170",0.235192674540126,0.2366580836944,4.22550535519131,11.7375077433574,434
"1677",0.366818001293289,0.364265160613321,2.74525293145323,11.7375077433574,434
"23443",0.263928736523323,0.263892925390147,3.78941572049183,11.7375077433574,434
"10013",0.183170389836489,0.185173495205886,5.40034090131607,11.7375077433574,434
"2736",0.221297635844715,0.222336700517995,4.49768300811437,11.7375077433574,434
"1029",0.319108248747384,0.317603450394007,3.14858040351714,11.7375077433574,434
"1870",0.39032240473357,0.386936284408839,2.58440482398232,11.7375077433574,434
"1021",0.636460885674398,0.626528599528723,1.59609633263702,11.7375077433574,434
"207",0.189659273720896,0.191862386386,5.2120690190319,11.7375077433574,434
"840",0.445999033953311,0.441075088465547,2.26718766520887,11.7375077433574,434
"10318",0.308268596840732,0.307293169724945,3.25422137073561,11.7375077433574,434
"7015",0.23198387447468,0.232878189112685,4.29409041615366,11.7375077433574,434
"5788",0.220842372982629,0.221943203689678,4.50565722840607,11.7375077433574,434
"7048",0.446881015835897,0.441930469551777,2.26279939695997,11.7375077433574,434
"4775",0.58039308503481,0.571940121957701,1.74843477771255,11.7375077433574,434
"5880",0.233493449649774,0.23416374830101,4.27051585591521,11.7375077433574,434
"9533",0.277283072274342,0.27725216811571,3.60682481509993,11.7375077433574,434
"4791",0.302146927669027,0.301007661148149,3.32217457916403,11.7375077433574,434
"6850",0.218020044136801,0.219460331438992,4.55663214141272,11.7375077433574,434
"8573",0.175265587152918,0.177528514818218,5.63289790952151,11.7375077433574,434
"8202",0.156734756665711,0.159506583803713,6.26933369239848,11.7375077433574,434
"5715",0.201423708439943,0.203023791533187,4.92553110376001,11.7375077433574,434
"5627",0.201627346862086,0.203141652086917,4.92267336475209,11.7375077433574,434
"22794",0.177333249704594,0.179667931798043,5.56582351670891,11.7375077433574,434
"4582",0.214140988191143,0.215790155967141,4.63413168927072,11.7375077433574,434
"7982",0.208183482176514,0.210332784968537,4.75437055687532,11.7375077433574,434
"4931",0.653502223484304,0.64320747721714,1.55470829463385,11.7375077433574,434
"4208",0.275383802769351,0.274979700154585,3.63663208388776,11.7375077433574,434
"11261",0.251725103268559,0.251924401823567,3.96944477296146,11.7375077433574,434
"8091",0.138423315188306,0.141650175155329,7.05964534744438,11.7375077433574,434
"835",0.375231576138101,0.37230387645573,2.68597794231914,11.7375077433574,434
"51599",0.399065095843258,0.395385683648114,2.52917604596423,11.7375077433574,434
"10892",0.378572835368725,0.375465903294207,2.66335768767909,11.7375077433574,434
"9519",0.335528154814329,0.333698398073342,2.99671801175448,11.7375077433574,434
"1500",0.716661560753973,0.704816201330565,1.41880961038095,11.7375077433574,434
"57019",0.400465198189709,0.397587591137023,2.51516904021123,11.7375077433574,434
"581",0.519275940671383,0.512699442497547,1.95046047861615,11.7375077433574,434
"5468",0.180076963456903,0.182482861232269,5.47996668425302,11.7375077433574,434
"6709",0.285422845144698,0.284846800197872,3.51065906060851,11.7375077433574,434
"1981",0.350312302085379,0.348468466357198,2.86970012079931,11.7375077433574,434
"10493",0.587023622140323,0.578390132673094,1.72893682569996,11.7375077433574,434
"23499",0.304692007882134,0.30355161822134,3.29433262737816,11.7375077433574,434
"142",0.141484351434914,0.144738857174194,6.90899472003221,11.7375077433574,434
"2222",0.21123347010909,0.212493467347894,4.70602702511697,11.7375077433574,434
"3312",0.260557413802106,0.260561714467598,3.83786237376925,11.7375077433574,434
"9124",0.415240747781174,0.411252615400595,2.43159547818538,11.7375077433574,434
"1983",0.649036434658549,0.640225734578011,1.56194908450396,11.7375077433574,434
"595",0.294240494577697,0.296576705199304,3.37180898724998,11.7375077433574,434
"54499",0.204785390698248,0.206251503930103,4.84844949464656,11.7375077433574,434
"5018",0.604237076171427,0.595645715608517,1.67885031957024,11.7375077433574,434
"998",0.212082250469749,0.213511168511702,4.68359574335426,11.7375077433574,434
"1831",0.239768591447815,0.240272969703388,4.16193299327211,11.7375077433574,434
"5747",0.397846163835945,0.394298743896521,2.53614807421867,11.7375077433574,434
"128",0.470271442810447,0.465239631278477,2.14942995559515,11.7375077433574,434
"7905",0.401585563545203,0.398294209041164,2.51070685262373,11.7375077433574,434
"1848",0.393666542316151,0.390120617370261,2.56330979567508,11.7375077433574,434
"3122",0.344389771051738,0.34218713527438,2.92237754408318,11.7375077433574,434
"51382",0.934002715456362,0.916357778602203,1.09127681714601,11.7375077433574,434
"54205",0.447669153788187,0.443202250547595,2.25630623211966,11.7375077433574,434
"831",0.650704113725562,0.640466280207353,1.56136244936462,11.7375077433574,434
"3964",0.219896131060081,0.220930889395063,4.52630233254447,11.7375077433574,434
"8678",0.192206601290019,0.194088625657175,5.15228543977808,11.7375077433574,434
"501",0.437162996361567,0.432684173528441,2.3111545584051,11.7375077433574,434
"6774",0.107804825497579,0.111791234618306,8.9452451564235,11.7375077433574,434
"10049",1.30502154973989,1.27756986134968,0.782736060275841,11.7375077433574,434
"50813",0.265573176485477,0.265544271955787,3.76585038959718,11.7375077433574,434
"5696",0.205247151041774,0.206659221920416,4.83888398837144,11.7375077433574,434
"7511",0.456576155817799,0.451623578145861,2.21423337573626,11.7375077433574,434
"5900",0.428706435349105,0.424326744871835,2.3566744544986,11.7375077433574,434
"11151",0.631933022840403,0.622642475645389,1.60605811378909,11.7375077433574,434
"51031",0.215122896066948,0.216656760942287,4.61559563454555,11.7375077433574,434
"1738",0.87890565722843,0.862978122732114,1.15877792687732,11.7375077433574,434
"7866",0.513854661842103,0.50857974665348,1.96625997511723,11.7375077433574,434
"7105",0.316274967535954,0.31502030808754,3.17439852075223,11.7375077433574,434
"1027",0.606244227819427,0.599213802581077,1.66885341374408,11.7375077433574,434
"9128",0.657225894941334,0.647267489551982,1.54495632198702,11.7375077433574,434
"1534",0.511559192037159,0.505818726203584,1.97699283991616,11.7375077433574,434
"4125",0.203840012072936,0.205396498945559,4.86863215845296,11.7375077433574,434
"79143",0.416221238195287,0.412146679344424,2.42632065261484,11.7375077433574,434
"2353",0.441509387196214,0.436723961597208,2.28977589492171,11.7375077433574,434
"84617",0.493145332889698,0.487839765439807,2.04985339622419,11.7375077433574,434
"873",0.207671438571977,0.209150842457277,4.78123821186267,11.7375077433574,434
"10227",0.723231331330804,0.711173373986856,1.4061268835108,11.7375077433574,434
"10174",0.249882525260779,0.250684704766313,3.98907464630598,11.7375077433574,434
"9126",0.244312673080931,0.245057728804416,4.08067113360915,11.7375077433574,434
"2810",0.363517706655505,0.36120845390513,2.76848448365122,11.7375077433574,434
"2063",0.469415046989665,0.46561930479698,2.14767727561473,11.7375077433574,434
"7106",0.306074802339249,0.304888963068404,3.27988258392825,11.7375077433574,434
"4616",0.45049565794233,0.445493385575434,2.24470223886337,11.7375077433574,434
"11168",0.296439533577281,0.295631311353413,3.38259163219875,11.7375077433574,434
"3551",0.195042640057606,0.196846815251922,5.08009234856157,11.7375077433574,434
"572",0.413821977828168,0.41002286992081,2.43888834833319,11.7375077433574,434
"6813",0.461623942328794,0.456656060003633,2.18983188352312,11.7375077433574,434
"10057",0.395639843401738,0.392040747256273,2.55075526459577,11.7375077433574,434
"11004",0.283218293209566,0.282576170622233,3.53886882180475,11.7375077433574,434
"2887",0.1784652667916,0.18072089101725,5.53339458637658,11.7375077433574,434
"9181",0.190526195523083,0.192326760662883,5.19948444279595,11.7375077433574,434
"9212",0.209253254054482,0.210767941261685,4.74455457511169,11.7375077433574,434
"8569",0.496734855054863,0.490474827292472,2.03884061801952,11.7375077433574,434
"6119",0.45844345401567,0.453196707340064,2.20654736409996,11.7375077433574,434
"5873",0.214479334234593,0.21570295988581,4.63600499747146,11.7375077433574,434
"50810",0.349112395762383,0.347326483632402,2.87913547375318,11.7375077433574,434
"2954",0.358035383258467,0.355805235801946,2.81052637616788,11.7375077433574,434
"23212",0.478092561954861,0.474791083864901,2.10618950941493,11.7375077433574,434
"8726",0.263945264300636,0.26514686998886,3.77149464386291,11.7375077433574,434
"2770",0.293466061890754,0.292556781205838,3.41813987656781,11.7375077433574,434
"58497",0.140684339194593,0.143816535499462,6.95330336339344,11.7375077433574,434
"2048",0.347077961998234,0.344754038478065,2.90061866835426,11.7375077433574,434
"2625",0.664075725367016,0.658780335591944,1.51795666320467,11.7375077433574,434
"39",0.548178060700369,0.541270337483642,1.84750563766155,11.7375077433574,434
"5058",0.31370202634672,0.31227316839156,3.20232444289321,11.7375077433574,434
"1070",0.261454905725215,0.261665058392576,3.82167954003129,11.7375077433574,434
"868",0.26736440767256,0.267259495394778,3.74168183818078,11.7375077433574,434
"2624",0.272104676479826,0.27217354012343,3.67412643986811,11.7375077433574,434
"7043",0.189950682282254,0.192822951544933,5.18610462078199,11.7375077433574,434
"2920",0.18514856650273,0.187113775879248,5.34434194008964,11.7375077433574,434
"85236",0.533507998936415,0.526294278975345,1.9000776560728,11.7375077433574,434
"310",0.26320861663252,0.263546511691521,3.79439664589639,11.7375077433574,434
"6696",0.320862374636712,0.319228928938786,3.13254817890191,11.7375077433574,434
"22827",0.302536681370575,0.302790495090744,3.3026135767581,11.7375077433574,434
"8837",0.213790582215239,0.215432855632194,4.64181750302418,11.7375077433574,434
"5588",0.23309206532446,0.233826916807994,4.27666760376072,11.7375077433574,434
"5603",0.288106049637725,0.287472314914801,3.47859584425155,11.7375077433574,434
"2534",0.197676509632555,0.199488349870214,5.0128240604055,11.7375077433574,434
"116832",0.250477869098841,0.250977733607366,3.98441720556939,11.7375077433574,434
"5321",1.30181997300537,1.27467922968619,0.784511096369074,11.7375077433574,434
"8444",0.418555510640003,0.414665589742765,2.41158182578001,11.7375077433574,434
"4200",0.37410775511105,0.371107956826694,2.69463368166745,11.7375077433574,434
"47",0.225467096600479,0.226346604675615,4.41800309500173,11.7375077433574,434
"11200",0.285679989698429,0.284985195916471,3.50895419947743,11.7375077433574,434
"2852",0.242325688064794,0.242850844031143,4.11775385829732,11.7375077433574,434
"10362",0.729709528608986,0.717718686551408,1.39330355853619,11.7375077433574,434
"4067",0.346492297418547,0.344186806292739,2.90539899181805,11.7375077433574,434
"2886",0.482264417764565,0.47641231292043,2.09902215555671,11.7375077433574,434
"51635",0.313469602732457,0.312487062310934,3.2001324874211,11.7375077433574,434
"7168",0.235181619283862,0.236288695232533,4.23211105811006,11.7375077433574,434
"3308",0.334662872047062,0.332936942948439,3.00357176089908,11.7375077433574,434
"10962",0.286025962585451,0.285336228245995,3.5046373401203,11.7375077433574,434
"1022",0.207269119649698,0.208827955860218,4.78863088938804,11.7375077433574,434
"8480",0.176026550984855,0.178380742535599,5.60598630651194,11.7375077433574,434
"652",0.401484934628775,0.397730955254165,2.51426243491901,11.7375077433574,434
"622",0.213935952369542,0.215934031602161,4.6310439932989,11.7375077433574,434
"637",0.434075942037207,0.430101195342943,2.32503422642815,11.7375077433574,434
"644",0.278199585357039,0.277696878207553,3.60104876387048,11.7375077433574,434
"23658",0.551810067198558,0.544660274677525,1.83600685875625,11.7375077433574,434
"10190",0.777857407149731,0.764889210090077,1.30737888155362,11.7375077433574,434
"9112",0.414736226423271,0.411416164259623,2.43062885436109,11.7375077433574,434
"7852",0.301752915471015,0.300670905496275,3.32589546151611,11.7375077433574,434
"1282",0.311748891361292,0.310565418345462,3.21993351779957,11.7375077433574,434
"26001",5.16630154583983,5.03707430375821,0.198527942947732,11.7375077433574,434
"147179",0.218826859158035,0.219901225699488,4.54749625346144,11.7375077433574,434
"23061",0.268094550364362,0.268779655032904,3.72051969438527,11.7375077433574,434
"9289",0.326703081792409,0.325558133546578,3.07164803135514,11.7375077433574,434
"90861",0.200317004346591,0.202556974853242,4.93688257698619,11.7375077433574,434
"57178",0.410219457687493,0.407451866612775,2.45427762624624,11.7375077433574,434
"23244",0.228515894130638,0.229955874419863,4.34866037896539,11.7375077433574,434
"3486",0.209192442165876,0.210587137674395,4.74862810256805,11.7375077433574,434
"23039",0.393707799299411,0.39114132042328,2.55662070915401,11.7375077433574,434
"1399",0.261328038588899,0.261792565080432,3.81981818197459,11.7375077433574,434
"25839",0.201880347653392,0.203847401337638,4.90563035603125,11.7375077433574,434
"94239",0.471627751847531,0.46610200459916,2.14545311998815,11.7375077433574,434
"23014",0.389434391970423,0.386459328463029,2.58759441511493,11.7375077433574,434
"27032",0.226188707900426,0.227087631495125,4.40358637507507,11.7375077433574,434
"27346",0.224911396629466,0.225962877439271,4.4255056907246,11.7375077433574,434
"23512",0.231156062410455,0.232366851868225,4.30353982058981,11.7375077433574,434
"200081",0.239273957727103,0.240177696909545,4.16358393334338,11.7375077433574,434
"7027",0.244464969925348,0.246480838950952,4.05711050098703,11.7375077433574,434
"9686",0.408593465566252,0.404818417079087,2.47024334321389,11.7375077433574,434
"89910",0.317675037936691,0.316182175029189,3.16273363578349,11.7375077433574,434
"26128",0.218656929695495,0.220139700219361,4.54257000896947,11.7375077433574,434
"200734",0.504290260614264,0.498240533640674,2.00706271866911,11.7375077433574,434
"23522",0.423956549859448,0.420298979424061,2.37925869192047,11.7375077433574,434
"23131",0.397049266867336,0.3934341871093,2.54172116395719,11.7375077433574,434
"84890",0.344010221360073,0.342335236157205,2.92111326670675,11.7375077433574,434
"23200",0.375859741161191,0.372790778461441,2.6824697867451,11.7375077433574,434
"26036",0.169137375836626,0.171505832607144,5.83070549146062,11.7375077433574,434
"23029",0.336698304490471,0.335134604162387,2.98387569525783,11.7375077433574,434
"84159",0.277500995377654,0.277059121962119,3.60933793811966,11.7375077433574,434
"1123",0.423674215053169,0.419468911430494,2.3839668989765,11.7375077433574,434
"93487",0.352494388665177,0.351062161591649,2.8484983840645,11.7375077433574,434
"54505",0.171854979705793,0.174161913597243,5.74178348954379,11.7375077433574,434
"23338",0.312019418273691,0.313354841009269,3.19127030806082,11.7375077433574,434
"25976",0.313799488452522,0.312486244212061,3.20014086546919,11.7375077433574,434
"55818",0.384210498607,0.380968887478739,2.62488626464492,11.7375077433574,434
"5096",0.382647121133111,0.379821049821021,2.63281879840841,11.7375077433574,434
"9842",0.46240873074649,0.45712114317558,2.18760390966187,11.7375077433574,434
"23210",0.450089544436132,0.445275475922537,2.24580075497795,11.7375077433574,434
"30849",0.201123501039788,0.202643930275206,4.93476413846655,11.7375077433574,434
"23271",0.29485055040513,0.294164268817016,3.39946113789247,11.7375077433574,434
"23325",0.673218939319547,0.66230669387979,1.50987451771324,11.7375077433574,434
"6509",0.393016031158229,0.389575549216495,2.56689620796576,11.7375077433574,434
"10973",0.208796797297389,0.210194371143606,4.75750132869539,11.7375077433574,434
"91137",0.450203538944173,0.44556477025534,2.24434261134903,11.7375077433574,434
"23076",0.306740549377559,0.305911843077478,3.26891561287718,11.7375077433574,434
"8312",0.357381432292333,0.355268060614705,2.81477597020612,11.7375077433574,434
"23142",0.31272551971732,0.31154807768483,3.20977746815573,11.7375077433574,434
"8550",0.456571387580982,0.451364558250611,2.21550403486658,11.7375077433574,434
"25966",0.352318324149947,0.349990019907998,2.8572243296048,11.7375077433574,434
"23335",0.331198879296171,0.329292822260216,3.03681080302982,11.7375077433574,434
"6832",0.625404424751364,0.616023134508465,1.62331565810092,11.7375077433574,434
"23097",0.30564796310148,0.304696167205807,3.2819579227741,11.7375077433574,434
"57215",0.408989956226791,0.406004037416683,2.46302969389858,11.7375077433574,434
"9847",0.384545835145533,0.382632076614011,2.61347665582353,11.7375077433574,434
"5438",0.5036946714421,0.497936815250167,2.00828693395083,11.7375077433574,434
"5986",0.401605812054601,0.397876797006433,2.5133408319456,11.7375077433574,434
"22934",0.328863743828532,0.328005900269293,3.04872564541979,11.7375077433574,434
"11011",0.502916652069774,0.497272527718054,2.01096972838802,11.7375077433574,434
"7074",0.247371626427226,0.247755880432913,4.03623114112434,11.7375077433574,434
"3206",0.256320361682709,0.256525791242998,3.89824350664505,11.7375077433574,434
"91949",0.339766716034821,0.33814446500236,2.95731589157617,11.7375077433574,434
"148022",0.188188077717432,0.190311149773896,5.25455287926155,11.7375077433574,434
"55958",0.250548695784978,0.251039934308026,3.98342997800899,11.7375077433574,434
"23161",0.321926377742124,0.320322141371265,3.12185725194989,11.7375077433574,434
"6714",0.854449923572617,0.839073336542255,1.19179093942004,11.7375077433574,434
"81544",0.331290493897034,0.329460764735768,3.03526279009889,11.7375077433574,434
"5331",0.344099381453641,0.341870807160667,2.92508157776114,11.7375077433574,434
"6909",0.421198789485122,0.419060558838414,2.38628995000599,11.7375077433574,434
"323",0.369220031235564,0.36646219628835,2.72879442989844,11.7375077433574,434
"23149",0.249849882438303,0.250089994672523,3.99856060339174,11.7375077433574,434
"388650",0.728245865960362,0.716093528836612,1.39646562876309,11.7375077433574,434
"427",0.185560457583496,0.187531037592626,5.33245063237105,11.7375077433574,434
"6597",0.200716330731416,0.203167998938691,4.92203499184813,11.7375077433574,434
"6657",0.286344809872609,0.285638475247704,3.50092892469337,11.7375077433574,434
"3202",0.343927027872777,0.341784943050853,2.9258164244269,11.7375077433574,434
"375346",0.227602921629194,0.228437513503902,4.37756472070389,11.7375077433574,434
"27109",0.443986427400476,0.439702670275831,2.2742641052707,11.7375077433574,434
"93594",0.404887617965239,0.40105281172097,2.49343720022525,11.7375077433574,434
"4793",0.244678361187552,0.245160996396662,4.07895225871099,11.7375077433574,434
"2017",0.369164924591601,0.36640702195153,2.72920533747927,11.7375077433574,434
"10038",0.395114562308179,0.393437995863882,2.54169655832115,11.7375077433574,434
"8574",0.282761395355437,0.282204510217944,3.54352947522954,11.7375077433574,434
"30",0.342472918069065,0.340286098773829,2.93870364849858,11.7375077433574,434
"25803",0.240491755505018,0.244005913569808,4.09826133051447,11.7375077433574,434
"5898",0.245914128786,0.246393974116993,4.05854081287385,11.7375077433574,434
"2113",0.296283986849116,0.295458492544761,3.38457016884869,11.7375077433574,434
"891",0.253919554928227,0.254676988983129,3.9265424174865,11.7375077433574,434
"7690",0.334141789693718,0.332592277105235,3.00668436652722,11.7375077433574,434
"9637",0.199768937073077,0.201504783278678,4.96266135090706,11.7375077433574,434
"50814",0.39425248527903,0.390697714013491,2.55952355013131,11.7375077433574,434
"1759",0.180889456528355,0.182945182572301,5.46611824339673,11.7375077433574,434
"29978",0.719916905116712,0.708105454386903,1.4122190329205,11.7375077433574,434
"23139",0.257086038326399,0.257362968984934,3.88556288398483,11.7375077433574,434
"23321",0.737276424399879,0.724794034919749,1.37970230413213,11.7375077433574,434
"3508",0.263529561943655,0.263487861928976,3.79524124063656,11.7375077433574,434
"2908",0.227617046920454,0.228444396546476,4.37743282443155,11.7375077433574,434
"23368",0.427865842535261,0.423431079539115,2.361659425398,11.7375077433574,434
"6347",0.373028199128988,0.370048208559628,2.70235060424259,11.7375077433574,434
"2064",0.431941268037351,0.427905371383427,2.33696528923434,11.7375077433574,434
"23223",0.521887648327435,0.515527364244029,1.93976124131918,11.7375077433574,434
"9455",0.421887829501581,0.417950944706774,2.39262528931853,11.7375077433574,434
"7416",0.336042127799671,0.334334027075034,2.99102071287399,11.7375077433574,434
"9709",0.567941149309036,0.561713216591546,1.78026788486118,11.7375077433574,434
"2597",0.216928342821513,0.218137729571923,4.58425968750301,11.7375077433574,434
"3108",0.159976713228995,0.162579743183382,6.15082777484801,11.7375077433574,434
"3416",0.221529357098026,0.222752857598785,4.48928023092376,11.7375077433574,434
"51335",0.378186621833012,0.375046442940191,2.66633644665568,11.7375077433574,434
"55748",0.338963301509414,0.337277774394851,2.964915200221,11.7375077433574,434
"56889",0.454112887861495,0.449276799712665,2.22579933047856,11.7375077433574,434
"55256",0.47721359850497,0.472859421222903,2.11479343567653,11.7375077433574,434
"11031",0.339970684019361,0.337843979651201,2.95994618886631,11.7375077433574,434
"23585",0.259545258142072,0.259688696777188,3.85076444377553,11.7375077433574,434
"51495",0.344067203506061,0.342442848363586,2.92019531077564,11.7375077433574,434
"10652",0.211374778189889,0.212645588394329,4.70266045748198,11.7375077433574,434
"58533",0.201214390298119,0.202922781193156,4.92798292099165,11.7375077433574,434
"28969",0.268397041779617,0.268165846288198,3.72903564656514,11.7375077433574,434
"51465",0.360350781368918,0.357895897493577,2.79410858577374,11.7375077433574,434
"51466",0.341750720151463,0.33963572773526,2.94433099446912,11.7375077433574,434
"25825",0.434759030782909,0.430283297548595,2.32405023782515,11.7375077433574,434
"4282",0.109477256192032,0.113612680534274,8.80183440173589,11.7375077433574,434
"55011",0.306716030974179,0.305645849708794,3.27176044089182,11.7375077433574,434
"51719",0.315775712580237,0.314287020754304,3.18180495522835,11.7375077433574,434
"55699",0.321814428753095,0.320510528717467,3.12002230941221,11.7375077433574,434
"1829",0.358395615424165,0.355933994196146,2.80950967400132,11.7375077433574,434
"23588",0.244709573867801,0.245092808675397,4.08008707152402,11.7375077433574,434
"9531",0.30726907446038,0.306603845428674,3.26153769729099,11.7375077433574,434
"10695",0.371028246830263,0.368073187047535,2.71685098287492,11.7375077433574,434
"51056",0.353607780234516,0.351331641792246,2.84631351420187,11.7375077433574,434
"10273",0.567686672865992,0.55982541272837,1.78627117894915,11.7375077433574,434
"51070",0.375690451795546,0.372939401809194,2.68140077221346,11.7375077433574,434
"58478",0.588290511694318,0.579935613986728,1.72432934946962,11.7375077433574,434
"51170",0.322753948037698,0.321914060272,3.10641914539257,11.7375077433574,434
"58472",0.246524888513176,0.246860247183799,4.05087498456345,11.7375077433574,434
"51116",0.282020897846531,0.282893107280072,3.53490408308172,11.7375077433574,434
"79902",0.578625686964021,0.571312687232893,1.7503549673357,11.7375077433574,434
"51024",0.414677434575082,0.410956835584443,2.43334558136221,11.7375077433574,434
"51203",0.493793151741394,0.487818016938642,2.04994478530255,11.7375077433574,434
"51021",0.413269607649187,0.40968358039008,2.44090817368822,11.7375077433574,434
"51569",0.560818861275466,0.552934134535054,1.8085336707253,11.7375077433574,434
"64943",0.294213633982607,0.293545380959274,3.40662829281152,11.7375077433574,434
"26993",0.337934547543372,0.335863244194927,2.97740231264968,11.7375077433574,434
"56654",0.31569635523317,0.314532172669315,3.17932500040737,11.7375077433574,434
"55608",0.246646452843438,0.246996954851216,4.04863290967442,11.7375077433574,434
"51071",0.460497712948832,0.455501136084807,2.19538420605348,11.7375077433574,434
"54881",0.335415746872945,0.334098661261629,2.99312782704302,11.7375077433574,434
"55148",0.443611219781332,0.438744927582938,2.27922862951154,11.7375077433574,434
"23670",0.191615813120313,0.193416490091276,5.17018998498052,11.7375077433574,434
"57761",0.429274921427453,0.425544153686114,2.34993241321231,11.7375077433574,434
"55893",0.397148592253223,0.393577856714622,2.54079334733785,11.7375077433574,434
"56997",0.205921749879298,0.207347518983313,4.82282115022788,11.7375077433574,434
"51015",0.368871407268855,0.366702964225754,2.72700277215203,11.7375077433574,434
"80212",0.226595828679309,0.227456965734237,4.39643603251268,11.7375077433574,434
"51026",0.439582475392916,0.435042009933841,2.29862858566711,11.7375077433574,434
"51282",0.583040220451836,0.57520212225807,1.73851931573949,11.7375077433574,434
"7376",0.298617050009198,0.297662301740937,3.35951174922488,11.7375077433574,434
"25987",0.365121263765176,0.36551456611226,2.73586908077658,11.7375077433574,434
"64429",0.354386609955441,0.352273608290962,2.83870257795198,11.7375077433574,434
"55111",0.283108386028838,0.283108224120465,3.53221812296944,11.7375077433574,434
"51422",0.143024968746591,0.146151033064385,6.84223695880044,11.7375077433574,434
"26520",0.608421963577418,0.600719145443348,1.66467143187516,11.7375077433574,434
"27244",0.351250325096729,0.348828999511596,2.86673413449032,11.7375077433574,434
"51053",0.2341721914627,0.235099082803698,4.25352573933679,11.7375077433574,434
"79174",0.499198953981756,0.492881097373987,2.02888689651091,11.7375077433574,434
"53343",0.334275572394557,0.332397569133799,3.00844558702977,11.7375077433574,434
"55038",0.387110490307722,0.385013272999589,2.59731305419454,11.7375077433574,434
"29937",0.190912993112405,0.192858442299512,5.18515024842412,11.7375077433574,434
"64781",0.286430210570979,0.285754541204445,3.49950693971489,11.7375077433574,434
"29103",0.380833048178284,0.378036635498876,2.6452462700615,11.7375077433574,434
"50865",0.38707101972347,0.383732752576271,2.60598031647361,11.7375077433574,434
"1788",0.383347164618283,0.380330886165878,2.62928948548201,11.7375077433574,434
"54442",0.357890031076019,0.355872257138248,2.80999707041374,11.7375077433574,434
"30001",0.129605199167193,0.133008564978981,7.51831282562915,11.7375077433574,434
"51293",0.245675999346049,0.246227986242514,4.06127676735773,11.7375077433574,434
"79947",0.307765349126212,0.306513136099732,3.26250291496356,11.7375077433574,434
"29082",0.739395082949375,0.72763752862529,1.37431064322545,11.7375077433574,434
"63874",0.288508223714143,0.288209274315505,3.469700974665,11.7375077433574,434
"79600",0.255506072953422,0.255604147236131,3.91229958830123,11.7375077433574,434
"55127",0.339960733727015,0.338361125892808,2.95542225000397,11.7375077433574,434
"55847",0.258757118087417,0.258871012835734,3.86292767601039,11.7375077433574,434
"6839",0.263067348089352,0.265349731455145,3.76861131351489,11.7375077433574,434
"51160",0.621715039813532,0.612670736605008,1.63219808006712,11.7375077433574,434
"54512",0.441021380873497,0.43841494192704,2.28094415670353,11.7375077433574,434
"64428",0.333682007877396,0.332232471116832,3.00994058960704,11.7375077433574,434
"79643",0.25429108001027,0.254877734579094,3.92344981271669,11.7375077433574,434
"29763",0.403508672110067,0.400129527681206,2.49919071405479,11.7375077433574,434
"10112",0.272975934159357,0.272895069534064,3.66441211894148,11.7375077433574,434
"29911",0.375249390584574,0.372238662542867,2.68644850905255,11.7375077433574,434
"54957",0.434152150418222,0.429588099736989,2.32781122338408,11.7375077433574,434
"10451",0.214790443254126,0.215959064632262,4.63050718293679,11.7375077433574,434
"54733",0.38053510111773,0.378219054656285,2.64397043905884,11.7375077433574,434
"56940",0.30713029103969,0.306104571899942,3.26685744611118,11.7375077433574,434
"10644",0.157331170444189,0.160131221261791,6.2448783698786,11.7375077433574,434
"55012",0.446532890616426,0.441772148253879,2.26361033386224,11.7375077433574,434
"27242",0.644095277850028,0.63422475645053,1.57672810755062,11.7375077433574,434
"79850",0.388460358556536,0.388806285781641,2.57197487944322,11.7375077433574,434
"4851",0.280076573245796,0.279527196043269,3.57746943465639,11.7375077433574,434
"55129",0.196109333873685,0.197760377163152,5.05662466033325,11.7375077433574,434
"11284",0.294468328718377,0.293532117629838,3.40678222224752,11.7375077433574,434
"1906",0.315877534651007,0.314492375334493,3.17972732705015,11.7375077433574,434
"60493",0.400921610995248,0.397732873233922,2.51425031043854,11.7375077433574,434
"79006",0.464938062397087,0.459745327282656,2.17511726744574,11.7375077433574,434
"8270",0.262547490627087,0.262830733346315,3.80473009099117,11.7375077433574,434
"5827",0.319083565146794,0.317615498823447,3.14846096523731,11.7375077433574,434
"51005",0.40806815506042,0.404137744842553,2.47440387036748,11.7375077433574,434
"79170",0.333083479713712,0.331646664727662,3.01525721906828,11.7375077433574,434
"79187",0.39024275498229,0.386782638164095,2.58543145769574,11.7375077433574,434
"29928",0.216339848097425,0.217533637724177,4.59699019637577,11.7375077433574,434
"80204",0.406413024620276,0.40269824412126,2.48324897016159,11.7375077433574,434
"64080",0.308904100714501,0.307680396373854,3.25012581817182,11.7375077433574,434
"79094",0.560408641585932,0.552468653857844,1.81005744491942,11.7375077433574,434
"4482",0.247756520272459,0.248227915884059,4.02855575868057,11.7375077433574,434
"55008",0.269559471459516,0.269403440929126,3.71190507645772,11.7375077433574,434
"51001",0.331031265941289,0.329517337103394,3.03474168852677,11.7375077433574,434
"23536",0.429270791658015,0.425019921547713,2.35283088933454,11.7375077433574,434
"55033",0.240092322121637,0.240849365285106,4.151972743695,11.7375077433574,434
"56924",0.257246374209428,0.257296739292028,3.88656305070782,11.7375077433574,434
"5716",0.290174789467261,0.289444267365547,3.45489654744853,11.7375077433574,434
"26511",0.332801084554381,0.330952105566148,3.02158524808095,11.7375077433574,434
"55604",0.356101779767301,0.353562258364465,2.82835618435598,11.7375077433574,434
"80746",0.341940004849579,0.341214352650652,2.93070907548791,11.7375077433574,434
"54807",0.908151484694023,0.891062208663518,1.12225610095155,11.7375077433574,434
"80758",0.58157893555957,0.575472079238888,1.73770376717944,11.7375077433574,434
"54438",0.286916904197998,0.28621733877364,3.49384843100253,11.7375077433574,434
"6676",0.227675559570646,0.228509301441414,4.37618947540471,11.7375077433574,434
"57192",0.393965568142653,0.391779930619747,2.55245335925739,11.7375077433574,434
"51385",0.381867380087373,0.37865506502124,2.64092598350403,11.7375077433574,434
"11182",0.245486562120508,0.245902150865984,4.06665820725169,11.7375077433574,434
"63933",0.31455106097083,0.313238573118827,3.1924548437419,11.7375077433574,434
"54850",0.411881719769729,0.407919797615633,2.45146228706031,11.7375077433574,434
"29916",0.323547607891373,0.321867055396938,3.10687280115315,11.7375077433574,434
"55179",0.476514163787666,0.471516358489894,2.12081719328394,11.7375077433574,434
"29083",0.484629386831976,0.480069256250618,2.08303278533203,11.7375077433574,434
"7099",1.05664567153902,1.03563653805249,0.965589725021193,11.7375077433574,434
"79961",0.363725344774385,0.36181508075626,2.76384278374969,11.7375077433574,434
"55825",0.287730868316443,0.286979316334158,3.4845716854228,11.7375077433574,434
"51742",0.331468669034113,0.329598381717301,3.03399547895143,11.7375077433574,434
"10818",0.160633820853998,0.16333307604356,6.12245862395507,11.7375077433574,434
"81533",0.363926196077145,0.361172498473506,2.76876009171932,11.7375077433574,434
"665",0.26650701901032,0.267668220742855,3.73596834627852,11.7375077433574,434
"10776",0.588447406861506,0.580893363447282,1.72148635692023,11.7375077433574,434
"64422",0.345729902821154,0.343798275061777,2.90868242378561,11.7375077433574,434
"10813",0.405648563295317,0.403361925696197,2.47916309471702,11.7375077433574,434
"80349",0.345733419283176,0.343614819188841,2.91023536866269,11.7375077433574,434
"1978",0.195779210833424,0.19745676084745,5.06439990055631,11.7375077433574,434
"83743",0.388671765489017,0.387137911079732,2.58305883092407,11.7375077433574,434
"57406",0.301157817020401,0.300055612027122,3.33271553644399,11.7375077433574,434
"23410",0.192232196545063,0.194000825820352,5.15461723305248,11.7375077433574,434
"8996",0.286705520414928,0.287223539335376,3.48160879262877,11.7375077433574,434
"55620",0.295059469515688,0.294403411997481,3.3966997638212,11.7375077433574,434
"23597",0.380380772227396,0.377202609704507,2.65109512572933,11.7375077433574,434
"124583",0.331265267142384,0.32992105065846,3.0310281747836,11.7375077433574,434
"54915",0.388431308643171,0.38570130860717,2.59267982162457,11.7375077433574,434
"3157",1.00516219654533,0.985802019313265,1.01440246662979,11.7375077433574,434
"85377",0.362978540677625,0.360812338979287,2.77152384208625,11.7375077433574,434
"55793",0.390888442636805,0.387410547706143,2.58124102691834,11.7375077433574,434
"466",0.335562157705428,0.335473973098232,2.98085717578807,11.7375077433574,434
"54681",0.343426983613948,0.341800864134117,2.92568013990631,11.7375077433574,434
"11000",0.38811705635615,0.385350759387526,2.59503835308225,11.7375077433574,434
"6915",0.355791113400319,0.353321200072371,2.83028586961431,11.7375077433574,434
"6253",0.633653922716957,0.624116588568146,1.60226473437312,11.7375077433574,434
"7264",0.218916471394324,0.22022535907357,4.54080313096882,11.7375077433574,434
"5467",0.201402269080038,0.203134919456554,4.92283652005916,11.7375077433574,434
"2767",0.303245603756016,0.302107195978514,3.31008335223872,11.7375077433574,434
"23038",0.397035230387636,0.39362257115081,2.54050472023584,11.7375077433574,434
"57048",0.402080932711771,0.398338315759082,2.51042885014558,11.7375077433574,434
"79716",0.356924160979607,0.354708790645197,2.81921403239274,11.7375077433574,434
