pert_id,ensemble_map,baseline_map,improvement,profiles,pert_iname
BRD-K08109215,0.9904761904761905,0.41040717158421974,0.5800690188919707,6,I-BET-762
BRD-K80700417,0.9782539682539682,0.5070373148347661,0.47121665341920216,6,SGI-1776
BRD-K56751279,0.5894015838554922,0.147252796702083,0.44214878715340916,6,Y-39983
BRD-K70511574,0.8222222222222221,0.38844273805911117,0.433779484163111,6,HMN-214
BRD-K82928847,0.9398809523809524,0.5199593716023008,0.4199215807786516,6,ACY-1215
BRD-K49328571,0.5868506752007457,0.1960961386266318,0.39075453657411396,19,dasatinib
BRD-K71035033,0.5737736955817451,0.18374028906499187,0.3900334065167532,6,masitinib
BRD-K57080016,0.42406517269272853,0.0825579275615068,0.3415072451312217,7,selumetinib
BRD-K99749624,1.0,0.6845611757901047,0.3154388242098954,7,linifanib
BRD-K16730910,0.4179900963261473,0.10669079208273567,0.3112993042434116,6,regorafenib
BRD-K93918653,0.6273792044617574,0.31899299723903973,0.3083862072227177,6,quizartinib
BRD-K51313569,0.7240831219822816,0.43861476390567367,0.28546835807660803,7,palbociclib
BRD-K59317601,0.7837433862433861,0.5020474435980599,0.2816959426453264,6,MLN-0128
BRD-K74514084,0.4429009573956382,0.18861444061861418,0.2542865167770241,6,pazopanib
BRD-K50168500,0.5225921834033145,0.270267722734223,0.2523244606690915,7,canertinib
BRD-K40175214,0.46646223455587893,0.2157797642668376,0.2506824702890413,7,torin-1
BRD-K57169635,0.9332887700534759,0.7197074158788719,0.21358135417460408,6,dacomitinib
BRD-K99964838,0.28740963383732926,0.0853275096740347,0.20208212416329455,6,bosutinib
BRD-K36740062,0.4331066819783697,0.2378480974066021,0.19525858457176756,6,GSK-1070916
BRD-K03449891,0.3479244522152462,0.15781935841147235,0.1901050938037738,6,foretinib
BRD-K02708799,0.533275374361278,0.3615151971085482,0.17176017725272982,17,GSK-1059615
BRD-K64800655,0.8679472426929304,0.6970321305104281,0.17091511218250233,7,PHA-793887
BRD-K21718444,0.3612823394936207,0.19567975389961137,0.16560258559400934,6,KW-2449
BRD-K76908866,0.2841602885052646,0.12198734602616527,0.16217294247909927,7,CP-724714
BRD-K20285085,0.2816949744169691,0.12020420064961027,0.16149077376735885,7,fostamatinib
BRD-K23984367,0.4104982622048695,0.2500039351407982,0.16049432706407132,7,sorafenib
BRD-K33379087,0.4342310467310467,0.2748732870699969,0.15935775966104979,6,tivantinib
BRD-K53417444,0.39044235434328317,0.23839979973728598,0.15204255460599717,6,OTS-167
BRD-K11153516,0.2534705333510617,0.11225388907244672,0.14121664427861494,6,iniparib
BRD-K74065929,0.20645815490711464,0.06790184899507073,0.1385563059120439,6,doramapimod
BRD-K37687095,0.17414782940160894,0.03597098185125667,0.13817684755035226,7,AZD-8330
BRD-K81528515,0.25168716277159037,0.11728050419804756,0.13440665857354286,7,nilotinib
BRD-K12787259,0.8463105413105413,0.7186663554310613,0.12764418587948,6,CX-5461
BRD-K49865102,0.29500741766299476,0.16777620774676394,0.1272312099162308,20,PD-0325901
BRD-K68065987,0.3609365381342132,0.23743875770817913,0.12349778042603407,7,MK-2206
BRD-K92428232,0.6138347769526259,0.5000349015989175,0.11379987535370843,6,GSK-461364
BRD-K56301217,0.20859576479331418,0.0981947671752212,0.11040099761809292,6,ABT-737
BRD-A61304759,1.0,0.9053122160761049,0.09468778392389504,9,tanespimycin
BRD-K53414658,0.16618818427124807,0.07547562597600653,0.09071255829524157,6,tivozanib
BRD-K05804044,0.15170910810386795,0.06118599370128222,0.09052311440258572,6,AZ-628
BRD-K19687926,0.1320923146373311,0.04369643747843104,0.08839587715890006,7,lapatinib
BRD-K87142802,0.19355188750759492,0.10901098990893632,0.08454089759865861,6,veliparib
BRD-K17743125,0.8919871794871795,0.811369748476293,0.08061743101088653,6,belinostat
BRD-K42805893,0.3429129385774559,0.2660653591678403,0.07684757940961567,6,osimertinib
BRD-K60866521,0.1578000030194465,0.08923139934108587,0.06856860367836062,6,idelalisib
BRD-K02123250,0.13723736321254118,0.07892897449163291,0.058308388720908266,6,JNJ-38877605
BRD-K13390322,0.2478012116236752,0.19936756235694325,0.048433649266731923,7,AT-7519
BRD-K04887706,0.1225088819904306,0.07755535870476361,0.04495352328566698,7,AKT-inhibitor-1-2
BRD-K77908580,0.9944444444444445,0.9521428571428571,0.042301587301587305,6,entinostat
BRD-K79254416,0.2053022069341421,0.16532434020096934,0.03997786673317275,6,decitabine
BRD-K85606544,0.15564185503085406,0.11834427898550577,0.0372975760453483,7,neratinib
BRD-K54256913,0.13791661862439347,0.10284134726378978,0.03507527136060369,6,MK-1775
BRD-K93123848,0.07585929968089881,0.0461602515197904,0.029699048161108424,6,RAF-265
BRD-K51544265,0.25314546110915986,0.22658190342014917,0.02656355768901072,6,cabozantinib
BRD-K83963101,0.21369024519788035,0.18894582806983654,0.024744417128043806,6,MLN-8054
BRD-K12184916,0.21953442910908216,0.19588059931241325,0.023653829796668944,7,NVP-BEZ235
BRD-K72414522,0.31714437905766335,0.2952294693692305,0.02191490968843285,7,AZD-5438
BRD-K09951645,0.15676576376997253,0.13531343498024928,0.021452328789723238,6,dabrafenib
BRD-A39996500,1.0,0.9797406462585034,0.020259353741496636,8,radicicol
BRD-K02113016,0.04579359570240213,0.02592548351260876,0.01986811218979337,8,olaparib
BRD-K66538826,0.200471159898746,0.18415985643459143,0.016311303464154592,6,amuvatinib
BRD-K70401845,0.10864448379713798,0.09525816285054614,0.013386320946591826,7,erlotinib
BRD-K07691486,0.11993781223382206,0.11216361238191574,0.007774199851906324,7,roscovitine
BRD-K99545815,0.25134263589659106,0.25003160386247825,0.0013110320341128215,7,PF-562271
BRD-K19477839,0.03761890634998035,0.03824721604922152,-0.0006283096992411788,6,SGX523
BRD-K42191735,0.4095363474950115,0.4196094847814413,-0.010073137286429714,6,buparlisib
BRD-K09132007,0.09502016199406092,0.10926920661143531,-0.014249044617374397,6,D-4476
BRD-K08799216,0.53877362880293,0.5544780081736105,-0.01570437937068047,7,pelitinib
BRD-K79090631,0.3589645919379373,0.3777394065629139,-0.018774814624976603,16,CGP-60474
BRD-K52911425,0.21804493361117383,0.24126483101091648,-0.023219897399742635,7,GDC-0941
BRD-K67868012,0.10079474565957784,0.1285848847396012,-0.027790139080023337,7,PI-103
BRD-K28392481,0.25009771912812456,0.29754028933391113,-0.04744257020578657,6,AZD-4547
BRD-K41895714,0.06563606376094737,0.11332336444871398,-0.04768730068776662,7,AS-605240
BRD-A58280226,0.3487906615637851,0.41863865702830766,-0.06984799546452257,6,Y-27632
BRD-K77625799,0.1991400523071081,0.27440868220183723,-0.07526862989472911,6,vandetanib
BRD-K40738845,0.03261931338753516,0.12437657382899113,-0.09175726044145598,6,BMS-777607
BRD-K13662825,0.25941436891521535,0.3746039807523303,-0.115189611837115,6,dinaciclib
BRD-K87737963,0.2441825460045728,0.3752074092471004,-0.13102486324252763,7,CYT387
BRD-K49075727,0.25862003831079056,0.472878399063768,-0.2142583607529775,7,nintedanib
BRD-K45746021,0.15431472062570492,0.3806096666831829,-0.226294946057478,6,CC-401
BRD-K79404599,0.1508340492305155,0.48445325674936146,-0.33361920751884594,7,enzastaurin
