gene_id,neural_weight_norm,lda_loading_norm,neural_rank,lda_rank,combined_rank
3162,0.50974363,1.3700150763359509,3.0,1.0,2.0
1846,0.5677024,0.689728827446399,1.0,5.0,3.0
4609,0.44511086,0.8703094432228488,8.0,2.0,5.0
3638,0.55416846,0.6024992683096975,2.0,9.0,5.5
8870,0.4632634,0.6085541590252257,6.0,8.0,7.0
25976,0.42483672,0.6205459814479957,9.0,6.0,7.5
8061,0.47402003,0.5474345629340477,5.0,13.0,9.0
54541,0.38129425,0.7978398321931189,18.0,3.0,10.5
1831,0.47438407,0.462710980748733,4.0,19.0,11.5
25987,0.38459834,0.5579814924399765,14.0,10.0,12.0
4088,0.41385427,0.47990475469403115,11.0,16.0,13.5
3202,0.3954395,0.5013652033463342,13.0,15.0,14.0
11098,0.44706523,0.3872441990450897,7.0,29.0,18.0
5909,0.3814705,0.39208439984265436,17.0,27.0,22.0
11182,0.41004035,0.363476339879258,12.0,35.0,23.5
25805,0.3616009,0.45120376196188006,27.0,21.0,24.0
3312,0.35877255,0.45128328888148067,35.0,20.0,27.5
2274,0.38300902,0.3312432613111051,16.0,42.0,29.0
4792,0.3469415,0.614926152979123,59.0,7.0,33.0
55608,0.36747006,0.32110005769384614,21.0,46.0,33.5
3303,0.3476325,0.5540355860281461,57.0,12.0,34.5
5997,0.35829106,0.3230582004234433,37.0,45.0,41.0
26227,0.35521314,0.3310825101864467,40.0,43.0,41.5
3156,0.4173293,0.2847791978254792,10.0,74.0,42.0
4925,0.34965444,0.335591347916649,49.0,40.0,44.5
9928,0.34888056,0.34542606426857325,53.0,39.0,46.0
2309,0.3466594,0.36727116520462355,61.0,33.0,47.0
47,0.36036018,0.29532510387364636,31.0,65.0,48.0
10276,0.34952497,0.3173231275344018,50.0,49.0,49.5
595,0.3561047,0.30095497609444405,39.0,61.0,50.0
10682,0.36542827,0.2746593412072012,23.0,80.0,51.5
2222,0.38437295,0.2663557843889688,15.0,90.0,52.5
4144,0.35356036,0.29260363173309334,45.0,67.0,56.0
9709,0.35026723,0.2913963370100255,48.0,70.0,59.0
23076,0.36431623,0.25297254785246603,24.0,101.0,62.5
26993,0.36646506,0.25251002318800386,22.0,103.0,62.5
899,0.3522265,0.27043829731666985,46.0,83.0,64.5
3930,0.3427427,0.3040499141233824,70.0,59.0,64.5
2852,0.35922083,0.2591622961412598,34.0,96.0,65.0
8503,0.34666604,0.27935970034335733,60.0,78.0,69.0
9181,0.33905396,0.30044071207921136,79.0,62.0,70.5
5154,0.33199623,0.3662911798099493,107.0,34.0,70.5
55033,0.36195856,0.2435452914738681,26.0,118.0,72.0
2810,0.35861328,0.24923005363533057,36.0,109.0,72.5
54957,0.3463011,0.270379048740633,63.0,84.0,73.5
993,0.32852438,0.39223861704078294,129.0,26.0,77.5
4860,0.3378133,0.28414209260931705,81.0,75.0,78.0
23210,0.35359746,0.24212419002436023,44.0,123.0,83.5
22809,0.36060137,0.23553261275206097,30.0,138.0,84.0
2582,0.33488598,0.2685742842787836,91.0,87.0,89.0
10513,0.32506666,0.37252779711877076,148.0,31.0,89.5
23670,0.32935435,0.29170781968777476,123.0,68.0,95.5
4616,0.35941747,0.22538449822694107,33.0,159.0,96.0
665,0.33524612,0.25155070058763224,89.0,106.0,97.5
10557,0.34623486,0.23756964553613716,64.0,132.0,98.0
22889,0.33429676,0.25159053650280994,93.0,105.0,99.0
51097,0.3478705,0.23078659507258406,56.0,144.0,100.0
10797,0.35953203,0.2210113239572926,32.0,175.0,103.5
10617,0.32474962,0.3053722341359949,151.0,57.0,104.0
5106,0.36341965,0.21960720823809032,25.0,184.0,104.5
63874,0.32405418,0.31599242362000823,160.0,50.0,105.0
7538,0.33601564,0.24141358591097759,87.0,126.0,106.5
55793,0.36800566,0.2169254375919375,20.0,194.0,107.0
1050,0.32075804,0.3578179969463361,183.0,36.0,109.5
7074,0.33458805,0.23849861793864927,92.0,130.0,111.0
2624,0.33297223,0.24210535031231903,101.0,124.0,112.5
55038,0.33530772,0.229680737119295,88.0,149.0,118.5
1643,0.33099005,0.23736474261361226,115.0,133.0,124.0
3480,0.31753194,0.3200167088849264,202.0,48.0,125.0
1027,0.33491367,0.2227039112922389,90.0,165.0,127.5
2353,0.32609236,0.24588889969031066,145.0,113.0,129.0
3157,0.33991814,0.21777479091188187,74.0,189.0,131.5
5111,0.33413053,0.2217073710658195,96.0,170.0,133.0
6790,0.31206593,0.41867019517529447,247.0,24.0,135.5
29911,0.3508916,0.20462904653700728,47.0,232.0,139.5
65123,0.3294881,0.22294527031568556,122.0,164.0,143.0
10451,0.3188932,0.2606430213580714,193.0,94.0,143.5
10362,0.34746975,0.20484927635239228,58.0,230.0,144.0
11041,0.31204182,0.3338255791051349,248.0,41.0,144.5
26036,0.33106598,0.21993515931619315,113.0,182.0,147.5
3300,0.3268673,0.22708709324577828,139.0,156.0,147.5
3398,0.31659052,0.272740509617947,214.0,81.0,147.5
6709,0.3243128,0.23483789759277682,157.0,140.0,148.5
8821,0.32643306,0.22647387800726074,143.0,157.0,150.0
622,0.33669224,0.20936473100684908,85.0,219.0,152.0
11232,0.3193283,0.2426187426607464,192.0,121.0,156.5
8050,0.3266062,0.22101173536474286,141.0,174.0,157.5
1958,0.3177775,0.2452527817943901,201.0,115.0,158.0
23522,0.32813612,0.21959770043104393,132.0,185.0,158.5
8553,0.3104356,0.30408152520735543,261.0,58.0,159.5
1647,0.31352174,0.2723237653726769,238.0,82.0,160.0
9686,0.3379929,0.2018529627903663,80.0,242.0,161.0
9695,0.3230883,0.22849519492792236,169.0,153.0,161.0
3280,0.31723696,0.24363485956744943,206.0,117.0,161.5
55324,0.3299395,0.21337188765419496,120.0,205.0,162.5
11168,0.33226013,0.2092739326165949,105.0,220.0,162.5
80746,0.31414106,0.2617369136290516,232.0,93.0,162.5
11014,0.3208988,0.23032764780157322,182.0,146.0,164.0
7296,0.3067027,0.3678929838626016,298.0,32.0,165.0
22827,0.3492274,0.19104914345621413,51.0,282.0,166.5
1026,0.3100376,0.2887602237650362,267.0,71.0,169.0
5580,0.30965558,0.29142791430359805,271.0,69.0,170.0
79080,0.33668414,0.19691522923348326,86.0,255.0,170.5
6810,0.33679402,0.1961067219589323,83.0,263.0,173.0
5287,0.33419195,0.19952109810223712,95.0,252.0,173.5
10007,0.32874143,0.20871792889286206,127.0,221.0,174.0
2954,0.32800958,0.21000205041957465,133.0,218.0,175.5
7750,0.3292185,0.2060860073507621,125.0,226.0,175.5
9924,0.32409346,0.21706744770644237,159.0,192.0,175.5
10174,0.3392989,0.19103472950814937,78.0,283.0,180.5
10962,0.32227615,0.2169896073387256,172.0,193.0,182.5
27244,0.31238756,0.24217116417617213,244.0,122.0,183.0
572,0.34395036,0.18830152936676547,66.0,305.0,185.5
4891,0.31012204,0.2505953025843278,265.0,108.0,186.5
84890,0.33096695,0.19661026768743908,116.0,260.0,188.0
8720,0.33270797,0.191904875899892,102.0,277.0,189.5
79850,0.31222862,0.23568707007006137,246.0,137.0,191.5
23635,0.33234766,0.19106358930297038,104.0,281.0,192.5
54442,0.30524457,0.27993475765848375,310.0,76.0,193.0
375346,0.34141487,0.18760632137219832,72.0,314.0,193.0
10112,0.3221487,0.21153693305310015,173.0,214.0,193.5
8800,0.30845842,0.251656714755703,285.0,104.0,194.5
85236,0.32489523,0.20224347394034362,149.0,240.0,194.5
57761,0.31979036,0.21370202891526707,188.0,204.0,196.0
3909,0.31151664,0.23022030918366204,250.0,147.0,198.5
25825,0.34909737,0.1806730664232699,52.0,348.0,200.0
51116,0.3107183,0.23131720101951697,257.0,143.0,200.0
2625,0.30010456,0.4721277013337031,385.0,18.0,201.5
1452,0.3304258,0.18989260254083587,117.0,291.0,204.0
11230,0.33000934,0.18986458867708714,119.0,292.0,205.5
4783,0.30307636,0.2877916559929554,339.0,73.0,206.0
8974,0.3046263,0.25396531958172436,317.0,99.0,208.0
5836,0.33355325,0.18660407233677873,99.0,318.0,208.5
5971,0.3196296,0.20492336723419136,190.0,229.0,209.5
23212,0.32772622,0.19070634949207635,135.0,285.0,210.0
25874,0.32325152,0.19800340235561012,168.0,253.0,210.5
8324,0.32779834,0.18991618155185752,134.0,290.0,212.0
124583,0.32104024,0.2013578081304633,181.0,244.0,212.5
7494,0.29903558,0.44839169049200844,403.0,22.0,212.5
9467,0.32109895,0.2008326005067112,180.0,247.0,213.5
8440,0.32427725,0.19383779379390714,158.0,271.0,214.5
5883,0.29985753,0.3207743119931843,389.0,47.0,218.0
1153,0.31681424,0.2035917771436508,209.0,235.0,222.0
3988,0.30792797,0.22775646285587556,291.0,155.0,223.0
58472,0.35509726,0.173044906029241,41.0,406.0,223.5
1802,0.31627017,0.20396750231318747,216.0,234.0,225.0
10904,0.29855654,0.32933863584700024,407.0,44.0,225.5
5993,0.30243677,0.2526654516738303,351.0,102.0,226.5
8726,0.30890682,0.22077334610465602,277.0,176.0,226.5
64943,0.3310552,0.18243930528702218,114.0,342.0,228.0
9637,0.3397018,0.17645964851547102,75.0,382.0,228.5
6812,0.30151206,0.2639595158800681,366.0,91.0,228.5
10954,0.317798,0.196820528432794,200.0,259.0,229.5
8550,0.34320414,0.17524578728303067,69.0,392.0,230.5
83743,0.30613294,0.22422761634793417,304.0,162.0,233.0
976,0.3012216,0.25438268019224924,372.0,98.0,235.0
10237,0.3034819,0.2323235458655794,330.0,142.0,236.0
23585,0.30245602,0.24080221625735163,350.0,127.0,238.5
8878,0.30782726,0.21944545165140072,293.0,186.0,239.5
2146,0.3182489,0.19057117613543617,198.0,286.0,242.0
79071,0.30949265,0.2122790384091149,273.0,212.0,242.5
10845,0.32191548,0.1880076739793285,175.0,311.0,243.0
8731,0.29655161,0.31099198534599903,436.0,52.0,244.0
9275,0.32329282,0.18519766811467075,167.0,326.0,246.5
1978,0.3109706,0.20279824290406986,255.0,238.0,246.5
983,0.31507465,0.19445779435733326,224.0,269.0,246.5
5880,0.3321569,0.17606648424583057,106.0,388.0,247.0
23338,0.29401416,0.38929938442797146,466.0,28.0,247.0
3315,0.30814525,0.2133186121109255,288.0,206.0,247.0
5891,0.33957055,0.17164830131135858,76.0,419.0,247.5
9519,0.30963093,0.20814430010187474,272.0,223.0,247.5
7157,0.30377543,0.22216247162204006,326.0,169.0,247.5
6909,0.3332697,0.17383521043928593,100.0,400.0,250.0
5347,0.2952593,0.31472854015070234,452.0,51.0,251.5
51160,0.34383774,0.1701274298996109,67.0,437.0,252.0
8869,0.31404406,0.19366714562834386,233.0,272.0,252.5
66008,0.29678798,0.2798899866032863,430.0,77.0,253.5
51021,0.32532045,0.17910082747169898,147.0,361.0,254.0
30836,0.30290753,0.22252505668091818,344.0,166.0,255.0
7358,0.30617914,0.2125902500468591,303.0,207.0,255.0
1983,0.3030315,0.22123610821849485,340.0,173.0,256.5
2771,0.30832544,0.20534362790776897,286.0,228.0,257.0
5211,0.3107914,0.19592427912684332,256.0,265.0,260.5
5641,0.30468416,0.21246181906148082,314.0,208.0,261.0
51495,0.32366124,0.1796611957257129,165.0,357.0,261.0
891,0.32387447,0.1785386360848713,161.0,365.0,263.0
10776,0.32680833,0.17608439784564967,140.0,387.0,263.5
3925,0.3212096,0.18026689491967957,179.0,350.0,264.5
27095,0.31744674,0.1849439690332112,204.0,327.0,265.5
890,0.2920344,0.3753437910806381,502.0,30.0,266.0
2908,0.32133198,0.17938421588996395,178.0,360.0,269.0
51070,0.2999821,0.22871940614970954,386.0,152.0,269.0
23029,0.353797,0.16344316332463157,43.0,495.0,269.0
1454,0.29711008,0.24688825424715177,426.0,112.0,269.0
10038,0.29693818,0.24729995800708252,429.0,111.0,270.0
10146,0.3301249,0.17107645074721878,118.0,425.0,271.5
50814,0.32813844,0.17251150522279535,131.0,414.0,272.5
4331,0.29807317,0.23649564176374152,414.0,135.0,274.5
23038,0.31863683,0.17903484294800115,194.0,362.0,278.0
10525,0.30882785,0.19177539354341594,280.0,278.0,279.0
55008,0.33116165,0.1686236202524824,112.0,451.0,281.5
23061,0.31258908,0.1863751905618332,243.0,320.0,281.5
58497,0.30153596,0.215307382197022,365.0,198.0,281.5
79143,0.33159712,0.16831061382262516,109.0,456.0,282.5
10270,0.3148215,0.1829388660945663,228.0,338.0,283.0
51282,0.3442134,0.16195574265363846,65.0,509.0,287.0
11007,0.30295447,0.20429972342825792,341.0,233.0,287.0
7905,0.30886745,0.18939073589180888,279.0,297.0,288.0
8202,0.29226473,0.27529327583437424,497.0,79.0,288.0
51170,0.2993395,0.2203044487317823,398.0,180.0,289.0
4851,0.29395866,0.243978669686558,468.0,116.0,292.0
23139,0.32460675,0.17052340422804182,153.0,432.0,292.5
3775,0.31455737,0.1794249850017526,230.0,359.0,294.5
874,0.29069644,0.2952292226514811,524.0,66.0,295.0
2184,0.3393139,0.16118646005740617,77.0,514.0,295.5
7690,0.31097412,0.18294439725198774,254.0,337.0,295.5
51056,0.32597858,0.16926634594211148,146.0,445.0,295.5
5468,0.3166793,0.1766401281537478,213.0,380.0,296.5
9217,0.31334043,0.18002323065295794,240.0,354.0,297.0
64080,0.3326932,0.1633955372945447,103.0,496.0,299.5
84722,0.29634222,0.22527813262519356,439.0,160.0,299.5
5927,0.30030546,0.21015123710131314,382.0,217.0,299.5
7485,0.34874752,0.15856087319589057,54.0,546.0,300.0
51005,0.3370733,0.16072763698314496,82.0,519.0,300.5
6839,0.2918728,0.2556225346842789,505.0,97.0,301.0
10813,0.29350358,0.23791256350582363,474.0,131.0,302.5
3329,0.31556,0.17615608918543957,220.0,385.0,302.5
10732,0.30619094,0.18845528431938385,302.0,303.0,302.5
79094,0.30644485,0.18818141279743036,300.0,307.0,303.5
10765,0.29474175,0.22937137455702117,456.0,151.0,303.5
8624,0.30763656,0.18755361650987296,294.0,315.0,304.5
8727,0.3087233,0.18471390888033182,284.0,330.0,307.0
23588,0.29522198,0.22488696908550976,453.0,161.0,307.0
55129,0.32189545,0.17006310510557654,176.0,439.0,307.5
63933,0.36108965,0.15399766696693873,28.0,589.0,308.5
6659,0.28395322,0.5261664555384751,603.0,14.0,308.5
3486,0.31671536,0.17288486985196436,210.0,409.0,309.5
55699,0.2979155,0.2144162636863981,417.0,202.0,309.5
9183,0.3264066,0.1654019769576622,144.0,477.0,310.5
23658,0.31747615,0.17154276424266518,203.0,420.0,311.5
4836,0.29049584,0.26052456169048416,529.0,95.0,312.0
26292,0.3185654,0.17065435897602557,195.0,430.0,312.5
23659,0.2870017,0.30884557131829393,572.0,54.0,313.0
6500,0.32439393,0.16601343315427597,155.0,473.0,314.0
23223,0.33131176,0.16074269298310595,111.0,518.0,314.5
10730,0.308193,0.18204311980592258,287.0,346.0,316.5
57406,0.30522996,0.18547577531108397,311.0,324.0,317.5
27242,0.31386966,0.17329080814744774,236.0,403.0,319.5
8396,0.30590484,0.18388115126252197,305.0,334.0,319.5
5583,0.30887598,0.17841256229978472,278.0,366.0,322.0
840,0.3032034,0.18785911579738288,334.0,313.0,323.5
7088,0.2945859,0.2179853165575563,459.0,188.0,323.5
10150,0.30589625,0.1826250944607328,306.0,341.0,323.5
9761,0.2905651,0.24342626723507527,528.0,119.0,323.5
64746,0.2936404,0.2207390705271601,471.0,177.0,324.0
9531,0.287728,0.2702905208617358,565.0,85.0,325.0
2896,0.32712305,0.1612317957680037,138.0,512.0,325.0
5108,0.2907158,0.24034453434265995,523.0,128.0,325.5
30849,0.29826245,0.2021201176118256,410.0,241.0,325.5
57178,0.32931668,0.15970453213669691,124.0,528.0,326.0
10057,0.29275763,0.22168052154056656,485.0,171.0,328.0
2064,0.29836535,0.20027196166608344,408.0,249.0,328.5
5720,0.3407618,0.1541941817152062,73.0,586.0,329.5
831,0.30399853,0.18266708040809415,323.0,340.0,331.5
26020,0.30278915,0.18656761273096964,346.0,319.0,332.5
9128,0.31005916,0.17319877245683213,266.0,404.0,335.0
2542,0.31983137,0.16379846628720607,187.0,493.0,340.0
3800,0.29741052,0.19689822588493575,424.0,256.0,340.0
6499,0.2996446,0.1904561215906042,393.0,287.0,340.0
8518,0.29266673,0.21707083993575058,490.0,191.0,340.5
54733,0.30046073,0.18899896954026427,381.0,301.0,341.0
6184,0.31990957,0.16289447836242318,186.0,500.0,343.0
26054,0.31343308,0.1690356852473207,239.0,447.0,343.0
11065,0.30225208,0.18375946597713988,354.0,335.0,344.5
56997,0.2996745,0.1890512957396883,391.0,299.0,345.0
11004,0.2896433,0.22803376169952744,539.0,154.0,346.5
29928,0.2884924,0.23502577212373577,555.0,139.0,347.0
10320,0.31671157,0.16461010854664862,211.0,484.0,347.5
2597,0.31715062,0.16386616619121244,207.0,491.0,349.0
23597,0.34261268,0.15039304308351276,71.0,628.0,349.5
10921,0.294227,0.20142397741484552,463.0,243.0,353.0
7866,0.30636042,0.17309146512324483,301.0,405.0,353.0
57192,0.32294214,0.15929170885406302,170.0,536.0,353.0
4172,0.28298324,0.2619095228199058,614.0,92.0,353.0
54915,0.29132655,0.21615197749060336,511.0,196.0,353.5
6696,0.3014247,0.18243634796214325,367.0,343.0,355.0
8204,0.28056547,0.297119365342913,647.0,63.0,355.0
1662,0.32434818,0.15765993321344832,156.0,556.0,356.0
23463,0.2909189,0.2155003936441473,518.0,197.0,357.5
3416,0.30938044,0.16919465596828656,274.0,446.0,360.0
3337,0.28329423,0.247674165465649,611.0,110.0,360.5
4850,0.29399964,0.19686204314754344,467.0,258.0,362.5
60493,0.28594267,0.2307690959726651,583.0,145.0,364.0
466,0.28456634,0.23649102090776195,594.0,136.0,365.0
10245,0.33174247,0.15085328314130597,108.0,623.0,365.5
25803,0.2758645,0.4138975001110001,708.0,25.0,366.5
26511,0.29063943,0.2124273745459657,525.0,209.0,367.0
51466,0.29828215,0.18525944095208172,409.0,325.0,367.0
3508,0.30382976,0.17253884620953192,325.0,413.0,369.0
29763,0.3154483,0.1610841588489084,222.0,516.0,369.0
323,0.32479078,0.1538897298522144,150.0,590.0,370.0
1465,0.2994392,0.1802947288353994,395.0,349.0,372.0
4864,0.27601352,0.3475514465994341,706.0,38.0,372.0
3725,0.28430513,0.22985593303034227,597.0,148.0,372.5
1616,0.2901683,0.21155702335090038,534.0,213.0,373.5
8312,0.31063044,0.16410866960565543,259.0,488.0,373.5
55127,0.30796123,0.16815685364859057,289.0,458.0,373.5
9712,0.31041718,0.16441589749750907,262.0,487.0,374.5
39,0.2890482,0.21452177413515983,549.0,201.0,375.0
8837,0.3087834,0.16709969136877692,283.0,467.0,375.0
6251,0.3290724,0.1506334722215036,126.0,625.0,375.5
16,0.28969017,0.2104009821098455,538.0,215.0,376.5
55837,0.3006194,0.1766684772371912,378.0,379.0,378.5
3251,0.30319732,0.1711754367724684,335.0,424.0,379.5
23097,0.28658438,0.21977778682226573,576.0,183.0,379.5
6676,0.31052527,0.16295334665995093,260.0,499.0,379.5
10058,0.28205523,0.24194416957650927,635.0,125.0,380.0
64422,0.30011368,0.17703666261513992,384.0,378.0,381.0
11319,0.28008914,0.2456157688870167,650.0,114.0,382.0
230,0.2723985,0.4771780673899089,749.0,17.0,383.0
813,0.30109084,0.17540056265282508,375.0,391.0,383.0
6195,0.2883192,0.21236103700822265,557.0,210.0,383.5
3383,0.3205227,0.15432023696998137,185.0,582.0,383.5
4775,0.3315449,0.14741090803594714,110.0,657.0,383.5
5710,0.3711498,0.13832467822807762,19.0,753.0,386.0
26520,0.28496808,0.2194223501244752,587.0,187.0,387.0
11072,0.28920212,0.2048358893102909,546.0,231.0,388.5
5782,0.2831632,0.22226374460335985,612.0,167.0,389.5
8349,0.27570936,0.2882710740624894,709.0,72.0,390.5
11142,0.3033514,0.16864309908971506,333.0,450.0,391.5
26136,0.29611123,0.18280603754368974,445.0,339.0,392.0
5777,0.29860175,0.17646531443243982,406.0,381.0,393.5
481,0.27367347,0.30940457385781955,734.0,53.0,393.5
6714,0.32451585,0.14991556705063944,154.0,634.0,394.0
2264,0.35447872,0.13876943496172142,42.0,747.0,394.5
5300,0.31945142,0.15304346620326878,191.0,602.0,396.5
8480,0.27715054,0.25076566906861114,686.0,107.0,396.5
10953,0.2935831,0.18573901514323427,473.0,323.0,398.0
5588,0.33670253,0.14240572460943915,84.0,713.0,398.5
9053,0.29071665,0.19123557148373962,522.0,279.0,400.5
1111,0.3037699,0.16558352938172463,327.0,475.0,401.0
6697,0.30133075,0.1703439343739912,369.0,434.0,401.5
22887,0.28847077,0.20014041216529913,556.0,250.0,403.0
9817,0.2690816,0.4371263272746906,783.0,23.0,403.0
10190,0.32975483,0.14508746203574774,121.0,686.0,403.5
1848,0.31501985,0.15426059791626912,225.0,584.0,404.5
147179,0.2893941,0.19509805383486778,542.0,267.0,404.5
11325,0.29279816,0.18473605062221052,482.0,329.0,405.5
7153,0.29762632,0.17514118150161606,422.0,393.0,407.5
1738,0.3004764,0.17026126359752045,380.0,436.0,408.0
2673,0.28254628,0.21707172016214965,626.0,190.0,408.0
9903,0.32855442,0.144904693617964,128.0,689.0,408.5
57149,0.32073987,0.1497515444665382,184.0,638.0,411.0
23365,0.321771,0.14881072250549718,177.0,646.0,411.5
2553,0.26550895,0.557072315730926,812.0,11.0,411.5
1213,0.29669142,0.17572246728812263,433.0,390.0,411.5
9738,0.28631064,0.20095285401719865,579.0,245.0,412.0
2887,0.29468623,0.1782307865614646,458.0,367.0,412.5
7398,0.28029212,0.22066842086310876,648.0,178.0,413.0
54438,0.35664967,0.1343658559967957,38.0,788.0,413.0
51015,0.30446133,0.16166962554452569,319.0,510.0,414.5
29978,0.32380417,0.14684313570953614,163.0,667.0,415.0
6908,0.2702117,0.3080021434135719,774.0,56.0,415.0
10810,0.31730288,0.15049529784615265,205.0,626.0,415.5
329,0.2911218,0.18729948995730897,514.0,317.0,415.5
10668,0.2943466,0.1779800996926568,461.0,370.0,415.5
79600,0.3342135,0.13955011680835278,94.0,738.0,416.0
6509,0.31580755,0.15159419677343763,219.0,616.0,417.5
3978,0.29447228,0.17760942631772758,460.0,375.0,417.5
54807,0.30336386,0.16262896953614778,332.0,503.0,417.5
79174,0.30110228,0.16736825671442668,374.0,465.0,419.5
11344,0.28673702,0.19542720748473802,574.0,266.0,420.0
1022,0.26643115,0.3492287614554404,804.0,37.0,420.5
80349,0.31670988,0.15030276220716668,212.0,631.0,421.5
25932,0.29034472,0.18790154193485814,531.0,312.0,421.5
23014,0.29781505,0.17094599806491773,418.0,426.0,422.0
7168,0.2905666,0.18627553276558084,527.0,321.0,424.0
54386,0.26791093,0.30311750754168393,790.0,60.0,425.0
9267,0.27800283,0.22129831252822413,678.0,172.0,425.0
5529,0.30880782,0.1556022660870718,282.0,569.0,425.5
3693,0.27754614,0.22219806817161822,683.0,168.0,425.5
54512,0.28405833,0.19981427620011466,600.0,251.0,425.5
10610,0.2824298,0.20669296713059632,628.0,224.0,426.0
51293,0.2924731,0.17942855460616455,495.0,358.0,426.5
50813,0.30390215,0.15958497498648683,324.0,530.0,427.0
1385,0.28708458,0.19091426046214444,571.0,284.0,427.5
5982,0.2950245,0.17373288155644243,454.0,401.0,427.5
10298,0.28276417,0.20305886537490345,621.0,236.0,428.5
9797,0.2960039,0.17282335089934095,447.0,410.0,428.5
4282,0.30571595,0.15821080920809238,308.0,551.0,429.5
9261,0.31015903,0.15334403079142372,264.0,596.0,430.0
1001,0.34341073,0.1341171007681723,68.0,792.0,430.0
50865,0.3483648,0.13223163837578356,55.0,806.0,430.5
2817,0.2906284,0.18345121888762553,526.0,336.0,431.0
9851,0.3234723,0.14413768675894284,166.0,697.0,431.5
7466,0.27936682,0.2144056426035641,660.0,203.0,431.5
79643,0.2909142,0.1823851812521872,519.0,344.0,431.5
84617,0.3236838,0.14359465898178483,164.0,700.0,432.0
10227,0.3100367,0.1531217934057282,268.0,599.0,433.5
9926,0.26925963,0.2668095474858032,780.0,89.0,434.5
10123,0.2961939,0.17078777404266401,442.0,428.0,435.0
2920,0.2839895,0.19470120422545054,602.0,268.0,435.0
1956,0.31483445,0.1491168529043829,227.0,644.0,435.5
51203,0.29094732,0.17989750576997698,517.0,355.0,436.0
8520,0.31132665,0.15092941651151295,252.0,621.0,436.5
9702,0.36099446,0.12611649342947773,29.0,844.0,436.5
28969,0.29285625,0.17503941164726583,479.0,394.0,436.5
6988,0.3102393,0.15176808557726407,263.0,612.0,437.5
6443,0.27959326,0.20840811429548342,658.0,222.0,440.0
1677,0.3164313,0.14678678219181285,215.0,668.0,441.5
11261,0.32465667,0.1404971749172139,152.0,732.0,442.0
55958,0.29220435,0.17613951774840592,499.0,386.0,442.5
2065,0.2784125,0.210319861564716,670.0,216.0,443.0
5054,0.32714343,0.1384919890948692,137.0,749.0,443.0
7849,0.33396456,0.13433512459321614,97.0,789.0,443.0
8574,0.3106833,0.15032333032992562,258.0,629.0,443.5
55111,0.30970654,0.1510671975434271,270.0,620.0,445.0
10153,0.28382736,0.19026310270430102,605.0,288.0,446.5
2745,0.25578496,0.7773474546393959,889.0,4.0,446.5
9847,0.29766968,0.1663040230012673,421.0,472.0,446.5
637,0.28075635,0.2005690211615977,645.0,248.0,446.5
3815,0.2922829,0.17398229601615262,496.0,399.0,447.5
27346,0.29663175,0.16789560070803158,435.0,461.0,448.0
1052,0.27310053,0.2263169033267547,743.0,158.0,450.5
54623,0.28901154,0.1802051184163682,550.0,352.0,451.0
8607,0.3136607,0.14677900365578767,237.0,669.0,453.0
2958,0.30921,0.1501148644291413,275.0,632.0,453.5
7043,0.29476646,0.16849746892391887,455.0,453.0,454.0
128,0.30429384,0.15415288550821268,321.0,587.0,454.0
9833,0.3001964,0.16002843057035226,383.0,527.0,455.0
5601,0.27716845,0.206279157072535,685.0,225.0,455.0
10285,0.302952,0.15545476316840134,342.0,570.0,456.0
79961,0.27936187,0.1973199049445271,661.0,254.0,457.5
291,0.2845863,0.18620337159003345,593.0,322.0,457.5
642,0.2931268,0.16980414158304136,478.0,440.0,459.0
5357,0.29696175,0.16389892648791754,428.0,490.0,459.0
23536,0.31223634,0.1461274054748449,245.0,675.0,460.0
8508,0.2827745,0.1890176543718302,620.0,300.0,460.0
6804,0.31969762,0.1405194280354383,189.0,731.0,460.0
2778,0.2893624,0.1770855532583062,543.0,377.0,460.0
2063,0.28824687,0.17898750453808143,558.0,363.0,460.5
1981,0.2848587,0.1844135431715325,589.0,332.0,460.5
26001,0.29409632,0.16816948965199383,465.0,457.0,461.0
7106,0.2999623,0.15932347273781455,388.0,534.0,461.0
10606,0.31391206,0.1449493509538691,235.0,687.0,461.0
9112,0.30291837,0.1544794154630962,343.0,580.0,461.5
6774,0.2991134,0.16061367065775453,401.0,523.0,462.0
5654,0.31271124,0.1451070241837357,242.0,685.0,463.5
4016,0.26205885,0.26712570273936315,841.0,88.0,464.5
6182,0.27999282,0.19197325638868146,653.0,276.0,464.5
23142,0.30117354,0.15685189517733802,373.0,562.0,467.5
6894,0.33394435,0.1270771881006745,98.0,838.0,468.0
2048,0.29964927,0.1588346240841471,392.0,544.0,468.0
5900,0.3044771,0.1511464963646413,318.0,619.0,468.5
148022,0.28461546,0.1815116718235406,592.0,347.0,469.5
868,0.2800511,0.1901409655801486,651.0,289.0,470.0
7982,0.28220493,0.1881083798274401,632.0,309.0,470.5
11000,0.29809412,0.15964035746241093,413.0,529.0,471.0
7852,0.26926756,0.22407491466535426,779.0,163.0,471.0
998,0.299014,0.15898419190775478,404.0,542.0,473.0
10329,0.2777442,0.19598700131458147,682.0,264.0,473.0
3682,0.29939082,0.15823880904089532,397.0,550.0,473.5
29916,0.3171147,0.1391606292801303,208.0,740.0,474.0
5831,0.2816247,0.18803429679962347,638.0,310.0,474.0
57048,0.32770026,0.13037828055643927,136.0,815.0,475.5
4303,0.25887996,0.26971519156607504,865.0,86.0,475.5
5899,0.28946695,0.17273754435071015,540.0,411.0,475.5
5467,0.27670625,0.19613705382578245,691.0,262.0,476.5
6616,0.30979753,0.14521324323231344,269.0,684.0,476.5
10695,0.31452924,0.14104072083297062,231.0,723.0,477.0
23300,0.26534167,0.23290467455535802,814.0,141.0,477.5
10898,0.2919948,0.16835880566373662,503.0,455.0,479.0
10915,0.2532572,0.3084082797221117,906.0,55.0,480.5
25,0.31856167,0.13671075801897536,196.0,766.0,481.0
10641,0.32261336,0.13417608200924994,171.0,791.0,481.0
80204,0.30527022,0.14803022888562145,309.0,653.0,481.0
672,0.26540443,0.22944710599525803,813.0,150.0,481.5
10523,0.26120892,0.24328457742172865,847.0,120.0,483.5
10180,0.2763995,0.19366309292791278,698.0,273.0,485.5
154,0.31400856,0.13980379668739515,234.0,737.0,485.5
23499,0.3220733,0.13329033378581534,174.0,800.0,487.0
8884,0.2961769,0.15936085702617667,443.0,532.0,487.5
1870,0.30094296,0.1530813594481062,376.0,600.0,488.0
5058,0.31622496,0.13718245835034584,217.0,762.0,489.5
1398,0.29176202,0.16581115226880783,506.0,474.0,490.0
6342,0.31620622,0.13707469289589477,218.0,764.0,491.0
3551,0.29283437,0.1626545876674089,481.0,502.0,491.5
1277,0.25657752,0.2537178959482898,883.0,100.0,491.5
51422,0.2999715,0.15326699439448635,387.0,597.0,492.0
23647,0.2715114,0.20594131145106723,758.0,227.0,492.5
51001,0.29650655,0.15845612665966385,438.0,547.0,492.5
5607,0.2885639,0.17054238183139356,554.0,431.0,492.5
5096,0.27215728,0.2028068542090715,751.0,237.0,494.0
23326,0.25055432,0.29627958225307877,924.0,64.0,494.0
9134,0.3079575,0.14375423929247563,290.0,699.0,494.5
256364,0.29811504,0.15461879330741257,412.0,578.0,495.0
2548,0.3046762,0.1460806666730378,315.0,676.0,495.5
85377,0.3071046,0.14430352237811475,297.0,696.0,496.5
57147,0.28815424,0.1703473089611558,560.0,433.0,496.5
8091,0.30339882,0.14685648916699193,331.0,666.0,498.5
11200,0.29671785,0.15608116281897214,432.0,568.0,500.0
2767,0.2913023,0.1639698230353494,512.0,489.0,500.5
8270,0.28609005,0.17153963804723432,581.0,421.0,501.0
10491,0.27500096,0.19113502862625173,723.0,280.0,501.5
7158,0.2912443,0.16382059014067943,513.0,492.0,502.5
29083,0.27824792,0.1842940381845696,672.5,333.0,502.75
332,0.2741141,0.1923360719605807,731.0,275.0,503.0
1021,0.3465568,0.10765019943736945,62.0,944.0,503.0
3964,0.28293267,0.17476071287121545,616.0,395.0,505.5
2770,0.28267112,0.1758684149397475,623.0,389.0,506.0
3385,0.2878568,0.16846677214562833,563.0,454.0,508.5
23512,0.28342143,0.17263487517829892,608.0,412.0,510.0
54881,0.29279763,0.15915896223923462,483.0,539.0,511.0
10051,0.26178128,0.22001432748480626,842.0,181.0,511.5
1845,0.2874736,0.16801049434181273,567.0,460.0,513.5
56940,0.30126446,0.14754851816897166,371.0,656.0,513.5
8996,0.2718843,0.19267623516399007,753.0,274.0,513.5
836,0.27124918,0.19407035509730985,760.0,270.0,515.0
10099,0.30911675,0.13828911485806886,276.0,755.0,515.5
200081,0.2534985,0.23716135094855245,902.0,134.0,518.0
1633,0.2977035,0.15135128206962128,420.0,618.0,519.0
9710,0.3018916,0.14603718536817653,361.0,677.0,519.0
9703,0.2967526,0.1518934144442447,431.0,609.0,520.0
4793,0.29726347,0.1516178871578761,425.0,615.0,520.0
7511,0.27362803,0.18830083779246334,735.0,306.0,520.5
56924,0.31836814,0.12577382047018637,197.0,845.0,521.0
991,0.29593718,0.15341471591131978,449.0,594.0,521.5
5092,0.29074827,0.16031939542886472,520.0,525.0,522.5
596,0.2671148,0.2009076214660785,800.0,246.0,523.0
10775,0.25846216,0.22054824408646595,867.0,179.0,523.0
10013,0.28865135,0.16346883332204584,553.0,494.0,523.5
55012,0.3074355,0.13837148957314685,296.0,751.0,523.5
5925,0.29820755,0.14956077278220736,411.0,641.0,526.0
6990,0.2974364,0.15031033446875797,423.0,630.0,526.5
51742,0.2835077,0.16892298950862344,606.0,448.0,527.0
102,0.29470742,0.1532199005327839,457.0,598.0,527.5
11137,0.29866168,0.14819838497714713,405.0,651.0,528.0
6813,0.30407006,0.14044490225851577,322.0,735.0,528.5
11157,0.27663776,0.17866054998587627,693.0,364.0,528.5
8851,0.27957278,0.17409917536346184,659.0,398.0,528.5
50810,0.28303295,0.16942535498394531,613.0,444.0,528.5
54681,0.28892073,0.1621859849526535,551.0,507.0,529.0
94239,0.30220476,0.1434983451470233,355.0,703.0,529.0
8569,0.30659416,0.13793420613481236,299.0,759.0,529.0
29082,0.31782553,0.12396477574368758,199.0,860.0,529.5
22794,0.28805307,0.16302158247473697,562.0,498.0,530.0
116832,0.328449,0.1118522753507415,130.0,931.0,530.5
1029,0.27917418,0.17412842480985247,664.0,397.0,530.5
10559,0.25839967,0.21637274000657367,868.0,195.0,531.5
2131,0.3027371,0.1422137319816029,348.0,715.0,531.5
93594,0.3238636,0.11743794446257902,162.0,903.0,532.5
6050,0.30752254,0.13614635940777425,295.0,772.0,533.5
1605,0.2962099,0.150445232305702,441.0,627.0,534.0
2288,0.29710335,0.1487738731215987,427.0,647.0,537.0
9016,0.31190604,0.12934089711243812,249.0,826.0,537.5
4482,0.27595037,0.1781731432366887,707.0,368.0,537.5
23636,0.24602923,0.23956631491763422,947.0,129.0,538.0
4638,0.30242783,0.1408776803733717,352.0,726.0,539.0
8895,0.27540186,0.17807688737800026,716.0,369.0,542.5
7048,0.29907158,0.14531515815184293,402.0,683.0,542.5
3611,0.3147043,0.12363429392994281,229.0,861.0,545.0
9961,0.27861977,0.1712261358791314,668.0,423.0,545.5
10892,0.29159588,0.15428145384556358,509.0,583.0,546.0
4067,0.28258786,0.16671800575598325,625.0,469.0,547.0
79947,0.2927896,0.151776805277446,484.0,611.0,547.5
79073,0.26711735,0.18945205480185526,799.0,296.0,547.5
58478,0.30061486,0.1421111161186306,379.0,717.0,548.0
7416,0.29973313,0.14308424379584986,390.0,706.0,548.0
9221,0.29359722,0.15079598345194328,472.0,624.0,548.0
5423,0.29283723,0.15140038266122732,480.0,617.0,548.5
11073,0.2749263,0.17779973911445449,724.0,373.0,548.5
64781,0.30285642,0.1383712816867427,345.0,752.0,548.5
5438,0.28286737,0.1652785347175931,618.0,480.0,549.0
55825,0.29796872,0.14557881028290423,416.0,682.0,549.0
9805,0.28821087,0.1590644760120461,559.0,541.0,550.0
10589,0.2782878,0.17067541829340377,671.0,429.0,550.0
9124,0.28286377,0.16498160298861872,619.0,482.0,550.5
10165,0.31105354,0.12519768298765171,253.0,848.0,550.5
533,0.29253003,0.15240709233392505,494.0,607.0,550.5
51024,0.28912118,0.15813356702086678,548.0,553.0,550.5
22926,0.25335443,0.21499732012143474,904.0,200.0,552.0
9801,0.2763003,0.17365593037721197,703.0,402.0,552.5
57804,0.2722678,0.17979191639580056,750.0,356.0,553.0
4998,0.303166,0.13632986643150372,338.0,770.0,554.0
1534,0.28479984,0.16071426260099533,590.0,520.0,555.0
79170,0.26663858,0.18812944130909853,803.0,308.0,555.5
3098,0.29912168,0.14248704694168984,400.0,712.0,556.0
80212,0.2725446,0.1779559814762438,745.0,371.0,558.0
664,0.27630904,0.1720852463435946,702.0,416.0,559.0
5603,0.29927653,0.14205950291582012,399.0,719.0,559.0
6117,0.28158218,0.16529373568869887,639.0,479.0,559.0
23244,0.25321144,0.21233010447549938,908.0,211.0,559.5
9448,0.32659468,0.08680353937376462,142.0,977.0,559.5
9533,0.26473776,0.18908456248518019,823.0,298.0,560.5
4200,0.31286928,0.12048683208713525,241.0,882.0,561.5
5255,0.3155567,0.11698369053416496,221.0,906.0,563.5
4125,0.27924356,0.16712687389286085,662.0,466.0,564.0
8444,0.29273072,0.14930298607633538,488.0,642.0,565.0
6915,0.28427768,0.15933284340509646,598.0,533.0,565.5
7874,0.2716114,0.1776514148435415,757.0,374.0,565.5
55748,0.28027645,0.1648626619475956,649.0,483.0,566.0
965,0.2902643,0.15305668231400557,532.0,601.0,566.5
9270,0.30319664,0.1335137118877093,336.0,798.0,567.0
79090,0.27534723,0.17247051637585084,719.0,415.0,567.0
4893,0.25772715,0.1963653582735357,876.0,261.0,568.5
1017,0.29315853,0.14705537115423956,477.0,663.0,570.0
9641,0.28246176,0.16121250886311322,627.0,513.0,570.0
1994,0.28630683,0.157208958922396,580.0,561.0,570.5
5427,0.24707757,0.2151480657217826,943.0,199.0,571.0
5110,0.26075813,0.18960800505485392,849.0,293.0,571.0
51635,0.311393,0.11909657045528478,251.0,893.0,572.0
9170,0.2962544,0.14319767526673638,440.0,705.0,572.5
2058,0.26753557,0.18025754051217402,794.0,351.0,572.5
22823,0.3009301,0.13617191968770484,377.0,771.0,574.0
1514,0.25511706,0.19686717540652207,894.0,257.0,575.5
79006,0.28211814,0.16105769576070847,634.0,517.0,575.5
7099,0.30219993,0.1335985392962668,356.0,796.0,576.0
4582,0.27550846,0.16971656146845138,710.0,442.0,576.0
5498,0.29223233,0.14760685062417414,498.0,655.0,576.5
10681,0.27672473,0.16741506423449046,689.0,464.0,576.5
9019,0.30508015,0.12651191328065978,312.0,842.0,577.0
5716,0.30195686,0.1335802451481241,360.0,797.0,578.5
5366,0.26982883,0.1762555931454207,775.0,384.0,579.5
55818,0.2840367,0.15754819676758816,601.0,559.0,580.0
695,0.30882758,0.12071764140269597,281.0,880.0,580.5
670,0.28737584,0.1538236925135354,570.0,592.0,581.0
22934,0.28218633,0.15948306299816983,633.0,531.0,582.0
58533,0.25833437,0.18880328042705366,869.0,302.0,585.5
1445,0.26212665,0.18467955325021837,840.0,331.0,585.5
5480,0.3078657,0.12045915087328038,292.0,883.0,587.5
26064,0.30276108,0.1288365961747567,347.0,828.0,587.5
1509,0.27802914,0.16285421431089314,677.0,501.0,589.0
9552,0.24862118,0.2025597906178287,939.0,239.0,589.0
56889,0.30586568,0.12237045842279584,307.0,871.0,589.0
10969,0.30140078,0.1311891349210852,368.0,811.0,589.5
25966,0.30352256,0.12474380746053396,329.0,852.0,590.5
6193,0.31483674,0.1026114529648985,226.0,955.0,590.5
5373,0.28239053,0.15816158396676958,629.0,552.0,590.5
5715,0.27421677,0.16860069168960765,730.0,452.0,591.0
1019,0.28634173,0.15255381510490332,577.0,606.0,591.5
55604,0.30373982,0.12442767534502625,328.0,856.0,592.0
6118,0.2571821,0.18830894144847693,880.0,304.0,592.0
10494,0.27438432,0.1680182658829111,728.0,459.0,593.5
55011,0.30434486,0.12289182592598197,320.0,868.0,594.0
9988,0.27624124,0.16456130245163156,704.0,485.0,594.5
9943,0.3024683,0.12692926575601704,349.0,840.0,594.5
6347,0.29097015,0.14622216830769982,516.0,673.0,594.5
9897,0.30211094,0.12822208471296814,358.0,831.0,594.5
51569,0.2894253,0.14852104818942588,541.0,649.0,595.0
51465,0.28341222,0.15439337642158563,609.0,581.0,595.0
6304,0.31525564,0.09585899731932686,223.0,968.0,595.5
9697,0.29335508,0.14221335561484594,475.0,716.0,595.5
9212,0.27125353,0.17031246238381323,759.0,435.0,597.0
23368,0.2754856,0.164491730282391,712.0,486.0,599.0
51053,0.25328505,0.18945363816703145,905.0,295.0,600.0
7319,0.27105343,0.1700832806121523,762.0,438.0,600.0
23386,0.28100783,0.15759558273298357,644.0,557.0,600.5
10318,0.26747012,0.17291264570212878,795.0,407.0,601.0
5708,0.29018524,0.14677492563492403,533.0,670.0,601.5
4780,0.27860728,0.15929804274931403,669.0,535.0,602.0
9276,0.29175118,0.14405796565990253,507.0,698.0,602.5
7027,0.2597738,0.18217340906457813,861.0,345.0,603.0
51719,0.3046581,0.11922646053605435,316.0,891.0,603.5
2946,0.29612935,0.13681730628250316,444.0,765.0,604.5
91137,0.28178817,0.15518465230389591,637.0,574.0,605.5
388650,0.30127272,0.1268933966938027,370.0,841.0,605.5
5770,0.25595593,0.1849075263833097,886.0,328.0,607.0
3066,0.2506902,0.18945559182506844,923.0,294.0,608.5
780,0.27323562,0.16540683454966898,741.0,476.0,608.5
6461,0.27984822,0.15619130744764217,656.0,566.0,611.0
54499,0.2891611,0.14603660914271974,547.0,678.0,612.5
91949,0.29174364,0.14206695895855856,508.0,718.0,613.0
10972,0.27432755,0.16309190888833644,729.0,497.0,613.0
5743,0.29554522,0.13480500765209688,451.0,781.0,616.0
9133,0.2764407,0.15926608375153545,696.0,537.0,616.5
5827,0.2703899,0.1676854019377902,771.0,462.0,616.5
1459,0.28263345,0.1518685019530064,624.0,610.0,617.0
7994,0.2517219,0.1874541123030102,919.0,316.0,617.5
55148,0.29206815,0.14046389077741217,501.0,734.0,617.5
178,0.2754259,0.16064457310665758,715.0,521.0,618.0
1666,0.28476742,0.1487028076585938,591.0,648.0,619.5
9690,0.25581238,0.1800280422945895,888.0,353.0,620.5
9517,0.25998482,0.1762933378774778,859.0,383.0,621.0
994,0.28349897,0.1498968388725325,607.0,635.0,621.0
11151,0.27076727,0.16534004809384592,765.0,478.0,621.5
2956,0.27349344,0.16225362952890382,739.0,505.0,622.0
11011,0.2856226,0.14720105996856916,585.0,661.0,623.0
207,0.30169407,0.12038221283977034,363.0,886.0,624.5
23335,0.30319518,0.11543750561630031,337.0,916.0,626.5
7867,0.28921127,0.142806203938766,545.0,709.0,627.0
1891,0.26412767,0.17079004172180534,827.0,427.0,627.0
835,0.3047784,0.10831721476797203,313.0,942.0,627.5
55256,0.28288195,0.14959196709334163,617.0,639.0,628.0
2961,0.29579908,0.13120753728283133,450.0,810.0,630.0
23530,0.30198503,0.11744693436043825,359.0,902.0,630.5
29103,0.28754064,0.14432948733722162,566.0,695.0,630.5
5359,0.29940668,0.12303396112591376,396.0,866.0,631.0
51375,0.2692528,0.16505088725580727,781.0,481.0,631.0
8804,0.29412714,0.13269674518951288,464.0,804.0,634.0
1123,0.29256302,0.13518222122284557,492.0,779.0,635.5
4651,0.25396308,0.1779380017583246,900.0,372.0,636.0
5921,0.26363584,0.16949626098869405,832.0,443.0,637.5
23325,0.29216826,0.13578705747484454,500.0,776.0,638.0
9143,0.2877627,0.14225280482661612,564.0,714.0,639.0
6603,0.286808,0.14281722599405886,573.0,708.0,640.5
9455,0.30239728,0.11190787971760806,353.0,929.0,641.0
5331,0.29365748,0.13028651406078892,470.0,816.0,643.0
64429,0.3021277,0.11141859166503335,357.0,933.0,645.0
7159,0.27357903,0.15743003093807828,736.0,560.0,648.0
6284,0.27662477,0.15271981055865025,694.0,604.0,649.0
55556,0.27172175,0.15876809872284925,754.0,545.0,649.5
11188,0.25601223,0.17190556549240993,885.0,417.0,651.0
22841,0.29801273,0.12034179085457336,415.0,887.0,651.0
10049,0.29954183,0.11675268759288265,394.0,909.0,651.5
8243,0.25483316,0.17291224013198583,897.0,408.0,652.5
2356,0.27639434,0.1521005792067363,699.0,608.0,653.5
392,0.25863475,0.16979355433066667,866.0,441.0,653.5
9868,0.2676145,0.16108691504298922,792.0,515.0,653.5
896,0.2519328,0.17428510871895841,917.0,396.0,656.5
2042,0.3017811,0.10319716554489065,362.0,953.0,657.5
4927,0.27550212,0.15270929658568838,711.0,605.0,658.0
2109,0.29147124,0.13151117801860784,510.0,808.0,659.0
22796,0.2606526,0.16641477772420424,850.0,471.0,660.5
10434,0.25444826,0.17149150661936888,899.0,422.0,660.5
93487,0.27293488,0.15455284660266125,744.0,579.0,661.5
79187,0.26727596,0.16021734566346152,797.0,526.0,661.5
22908,0.27921173,0.14729788134436533,663.0,660.0,661.5
10818,0.2960639,0.12125770143579752,446.0,878.0,662.0
501,0.26478824,0.16259656587751165,821.0,504.0,662.5
2195,0.2532265,0.17166502359803668,907.0,418.0,662.5
4846,0.30155793,0.09902541240804233,364.0,962.0,663.0
10644,0.2650432,0.16201243646271127,819.0,508.0,663.5
57215,0.29317835,0.12445374013722278,476.0,855.0,665.5
4690,0.28276002,0.14270761734352058,622.0,710.0,666.0
211,0.23871528,0.17759856100438787,968.0,376.0,672.0
23149,0.26910394,0.1562890116624854,782.0,564.0,673.0
51382,0.29652464,0.11661643303804342,437.0,910.0,673.5
27109,0.29597247,0.1179822863751746,448.0,899.0,673.5
23011,0.26977757,0.1553708298540028,777.0,573.0,675.0
7165,0.29663226,0.11402726902171295,434.0,920.0,677.0
23131,0.28971145,0.12975606293308056,537.0,821.0,679.0
6390,0.27645525,0.14699179615539318,695.0,664.0,679.5
2690,0.27537796,0.14903221599899472,717.0,645.0,681.0
200734,0.29102972,0.12504741214309992,515.0,849.0,682.0
5440,0.28487808,0.13541143783510393,588.0,777.0,682.5
54850,0.27490216,0.14958748861884977,725.0,640.0,682.5
9093,0.2918862,0.12320411502962114,504.0,864.0,684.0
11031,0.27814594,0.14438705876595453,674.0,694.0,684.0
51026,0.26727092,0.15538799932109637,798.0,572.0,685.0
29890,0.26475263,0.15837972351030397,822.0,548.0,685.0
6777,0.297717,0.10331642479890163,419.0,952.0,685.5
3206,0.2893448,0.1282442811699284,544.0,830.0,687.0
6599,0.28226906,0.138896246138382,630.0,746.0,688.0
5018,0.28669915,0.1327628982353882,575.0,803.0,689.0
10046,0.29040313,0.12499062889421671,530.0,850.0,690.0
10273,0.27804455,0.1432565115090856,676.0,704.0,690.0
5547,0.26417544,0.15787530681698628,826.0,555.0,690.5
1786,0.2880878,0.1300034006009777,561.0,820.0,690.5
6253,0.27824792,0.1425808681605548,672.5,711.0,691.75
23378,0.25794607,0.16124432950132772,873.0,511.0,692.0
10782,0.2798575,0.14058981047947175,655.0,730.0,692.5
24149,0.26601416,0.15466392846067642,809.0,577.0,693.0
10450,0.281112,0.13906473370093964,642.0,744.0,693.0
9488,0.2652266,0.1553883273905364,816.0,571.0,693.5
6919,0.27345285,0.14812560310736514,740.0,652.0,696.0
5627,0.2739499,0.1473342335011655,733.0,659.0,696.0
5050,0.2601535,0.1592572270085275,857.0,538.0,697.5
22905,0.27321833,0.14786905747968784,742.0,654.0,698.0
30,0.28449488,0.13304584496503302,595.0,802.0,698.5
9097,0.27807024,0.1414012398736851,675.0,722.0,698.5
54505,0.28422624,0.13347335337636296,599.0,799.0,699.0
4232,0.28869614,0.12526030454663575,552.0,847.0,699.5
7264,0.2660852,0.15377835440427892,808.0,593.0,700.5
5829,0.26628777,0.15339321835454098,806.0,595.0,700.5
5696,0.29261,0.11644986539666216,491.0,911.0,701.0
10489,0.27193516,0.148380098890608,752.0,650.0,701.0
23039,0.26811627,0.15169563344177805,788.0,614.0,701.0
55746,0.28631407,0.1295180013641067,578.0,824.0,701.0
9688,0.24753153,0.16745653264506424,940.0,463.0,701.5
843,0.29008776,0.12237077230232779,535.0,870.0,702.5
10059,0.29275677,0.11384233930105866,486.0,921.0,703.5
11044,0.24277554,0.16866166593103088,958.0,449.0,703.5
1500,0.2769221,0.14197932540614833,688.0,720.0,704.0
54205,0.28071856,0.137135457854172,646.0,763.0,704.5
6597,0.2581188,0.15907543897531345,872.0,540.0,706.0
960,0.29432136,0.10369978376599685,462.0,950.0,706.0
3108,0.29385757,0.10648411114374881,469.0,947.0,708.0
80758,0.26423615,0.1538658777961327,825.0,591.0,708.0
1676,0.25925204,0.1580446428408347,864.0,554.0,709.0
1759,0.2605916,0.15616874606818748,851.0,567.0,709.0
644,0.25217214,0.16225237525308733,915.0,506.0,710.5
57019,0.29274943,0.11071046852429743,487.0,935.0,711.0
3628,0.283357,0.13108788048001505,610.0,813.0,711.5
7376,0.24239472,0.166556847741244,960.0,470.0,715.0
5747,0.27122614,0.14622774098316121,761.0,672.0,716.5
4208,0.2706957,0.14695936533651824,768.0,665.0,716.5
9289,0.28003812,0.13455536652062644,652.0,784.0,718.0
355,0.29271108,0.10581986444068257,489.0,948.0,718.5
4216,0.23801738,0.16698194780179956,969.0,468.0,718.5
1070,0.2605218,0.15404094928381729,852.0,588.0,720.0
1635,0.26009846,0.1542434970222336,858.0,585.0,721.5
23410,0.27719796,0.13772143968147885,684.0,760.0,722.0
1861,0.28597528,0.1233960621899744,582.0,862.0,722.0
55179,0.29255825,0.10144745108348811,493.0,956.0,724.5
6119,0.25782868,0.15511982886930206,875.0,575.0,725.0
2037,0.25784943,0.15468801701683063,874.0,576.0,725.0
8678,0.25549203,0.15674806347057052,890.0,563.0,726.5
23,0.28533566,0.122934386074214,586.0,867.0,726.5
11284,0.27508816,0.1404880570518946,722.0,733.0,727.5
9842,0.2844276,0.12408279454910252,596.0,859.0,727.5
65057,0.2716681,0.1435941529876252,756.0,701.0,728.5
26128,0.27048206,0.14483002006723397,769.0,690.0,729.5
5236,0.29071817,0.10960655333634804,521.0,939.0,730.0
79716,0.28562722,0.12150852024156379,584.0,876.0,730.0
25793,0.25506303,0.1562655902094631,896.0,565.0,730.5
5019,0.26755828,0.1459616104832398,793.0,679.0,736.0
6832,0.2874335,0.11724512004881253,569.0,905.0,737.0
958,0.2812961,0.1278508086004589,641.0,833.0,737.0
4154,0.27635124,0.1357904472303001,700.0,775.0,737.5
5355,0.27518958,0.13827176469878283,721.0,757.0,739.0
5257,0.26515737,0.14713332052521697,817.0,662.0,739.5
6009,0.28387117,0.1220075559740444,604.0,875.0,739.5
51599,0.28133738,0.12540906042530506,640.0,846.0,743.0
5048,0.24035624,0.16061684022098013,966.0,522.0,744.0
64428,0.24016756,0.160322051932103,967.0,524.0,745.5
5986,0.2874353,0.11271861924055637,568.0,924.0,746.0
6622,0.28980064,0.1003085999388386,536.0,959.0,747.5
10670,0.26560324,0.14461931119490973,811.0,692.0,751.5
9375,0.25832438,0.15001994979998726,870.0,633.0,751.5
5898,0.24218708,0.1588808478795288,961.0,543.0,752.0
23013,0.27544448,0.13423064269634882,714.0,790.0,752.0
6793,0.2770108,0.13010658902133088,687.0,819.0,753.0
4931,0.2707269,0.1390949363879002,766.0,742.0,754.0
9813,0.26899233,0.14081345217739277,784.0,727.0,755.5
51385,0.26325226,0.14560853315782007,835.0,681.0,758.0
10973,0.27092698,0.13830742423565523,763.0,754.0,758.5
8573,0.25508165,0.15085625262524124,895.0,622.0,758.5
81533,0.282936,0.11695858991844445,615.0,907.0,761.0
90861,0.23031272,0.15834554985017787,973.0,549.0,761.0
1429,0.25725567,0.14914944100995423,879.0,643.0,761.0
23224,0.27961028,0.12320291362892076,657.0,865.0,761.0
1062,0.27622238,0.13016930347668523,705.0,818.0,761.5
84159,0.26240316,0.14493971144987836,837.0,688.0,762.5
427,0.270409,0.13828497350068156,770.0,756.0,763.0
4817,0.23448546,0.1575667393335638,970.0,558.0,764.0
9918,0.27249938,0.1347354049876172,748.0,782.0,765.0
1212,0.27789193,0.12459477042778423,680.0,853.0,766.5
4791,0.2764256,0.1271241385043302,697.0,837.0,767.0
5889,0.27881157,0.12265819824246255,666.0,869.0,767.5
5796,0.26527297,0.14069552859036374,815.0,728.0,771.5
1399,0.26841515,0.13747689354579262,786.0,761.0,773.5
3033,0.2754555,0.12760550613051175,713.0,834.0,773.5
2017,0.27080053,0.13453866885631743,764.0,785.0,774.5
89910,0.26627734,0.13907630838973964,807.0,743.0,775.0
6772,0.2819282,0.11553541032811221,636.0,914.0,775.0
23271,0.26124132,0.14301410250092306,846.0,707.0,776.5
3895,0.25180605,0.14980317690759135,918.0,637.0,777.5
10131,0.2593107,0.1444864982383033,862.0,693.0,777.5
23443,0.26339784,0.14196691137841877,834.0,721.0,777.5
25839,0.2639622,0.140636262131061,829.0,729.0,779.0
56654,0.25752082,0.14565262142145916,878.0,680.0,779.0
4043,0.25051025,0.14983324134684228,925.0,636.0,780.5
5721,0.276673,0.12207274236485981,692.0,874.0,783.0
6464,0.28110144,0.11336320870981263,643.0,923.0,783.0
226,0.2822519,0.11010891609544507,631.0,938.0,784.5
873,0.27781072,0.11995989076512867,681.0,889.0,785.0
7082,0.24278426,0.15176618558155183,957.0,613.0,785.0
60528,0.25200468,0.14736576763350273,916.0,658.0,787.0
5261,0.23247358,0.15285501957958103,972.0,603.0,787.5
55847,0.2780025,0.11862461230677095,679.0,896.0,787.5
949,0.25584665,0.1447291796532823,887.0,691.0,789.0
1829,0.25668553,0.14356953646833573,882.0,702.0,792.0
5289,0.2669637,0.13452397180866443,801.0,787.0,794.0
81544,0.26027575,0.13911492768191117,856.0,741.0,798.5
27032,0.27253765,0.1245634551549004,746.0,854.0,800.0
387,0.24975248,0.14645399377187787,931.0,671.0,801.0
79921,0.2638343,0.13530327699745562,830.0,778.0,804.0
847,0.27470684,0.12042715184659364,726.0,884.0,805.0
5867,0.27535906,0.11914312139175232,718.0,892.0,805.0
652,0.2697779,0.12741145712248858,776.0,836.0,806.0
808,0.26232156,0.13588367702145707,839.0,774.0,806.5
3454,0.2789236,0.10480894298856136,665.0,949.0,807.0
7016,0.26677546,0.13110374698026306,802.0,812.0,807.0
6856,0.26488522,0.13383350044161546,820.0,795.0,807.5
7077,0.2703436,0.12631700769142407,773.0,843.0,808.0
3482,0.26239148,0.13482724930549017,838.0,780.0,809.0
3122,0.27404103,0.1194252530407284,732.0,890.0,811.0
30001,0.27251866,0.12128827418229714,747.0,877.0,812.0
5699,0.24484433,0.14622196635737952,950.0,674.0,812.0
4794,0.27872217,0.10066537510422618,667.0,958.0,812.5
51335,0.27991873,0.08739717017638421,654.0,975.0,814.5
351,0.27672088,0.10916662815518478,690.0,941.0,815.5
10493,0.2703767,0.12326731837088034,772.0,863.0,817.5
2769,0.26869804,0.12491229043097343,785.0,851.0,818.0
6194,0.2735687,0.11728582988260393,737.0,904.0,820.5
9670,0.2646381,0.129731632727899,824.0,822.0,823.0
79902,0.2735061,0.11537872210685779,738.0,917.0,827.5
8446,0.2526479,0.1389763238047878,910.0,745.0,827.5
10652,0.27167705,0.11768646301621823,755.0,901.0,828.0
3091,0.2753179,0.11070337856332137,720.0,936.0,828.0
7105,0.27452493,0.11094664729546387,727.0,934.0,830.5
2736,0.27632377,0.09858605538050506,701.0,964.0,832.5
348,0.27070108,0.11807794022238784,767.0,898.0,832.5
10221,0.25145695,0.13837971401453075,920.0,750.0,835.0
8985,0.24644065,0.140946192829504,946.0,725.0,835.5
4312,0.24887414,0.14015391768326227,936.0,736.0,836.0
2523,0.25710854,0.13384700398682395,881.0,794.0,837.5
10857,0.24868333,0.13950039842035905,937.0,739.0,838.0
8835,0.25125965,0.13802101964695468,921.0,758.0,839.5
53343,0.26035288,0.1294454228768486,854.0,825.0,839.5
9650,0.2604363,0.12925300864200817,853.0,827.0,840.0
310,0.24171098,0.1410235015446159,963.0,724.0,843.5
5985,0.25109592,0.1365068914107111,922.0,768.0,845.0
8900,0.24743405,0.1387180629890301,942.0,748.0,845.0
23200,0.2683728,0.11627526423672958,787.0,912.0,849.5
701,0.2495529,0.13636072128300514,933.0,769.0,851.0
9126,0.25343582,0.13126517069194082,903.0,809.0,856.0
5223,0.26799512,0.11248116836560143,789.0,925.0,857.0
823,0.24997878,0.13453222913159707,930.0,786.0,858.0
2534,0.24921393,0.134592226367076,935.0,783.0,859.0
727,0.26568943,0.1169409079042958,810.0,908.0,859.0
9917,0.25243118,0.13212868538136585,913.0,807.0,860.0
5525,0.25034213,0.13401476595697445,927.0,793.0,860.0
8914,0.25535613,0.128281889493248,893.0,829.0,861.0
10206,0.26734805,0.11201607405928142,796.0,928.0,862.0
22883,0.2640593,0.11844822849913857,828.0,897.0,862.5
5290,0.25539967,0.12699915124378405,892.0,839.0,865.5
3028,0.2501524,0.13235955069263822,929.0,805.0,867.0
5321,0.25264528,0.12801905691998738,911.0,832.0,871.5
5566,0.21806265,0.13654178969105124,978.0,767.0,872.5
2263,0.26948664,0.09225612421328648,778.0,970.0,874.0
2886,0.22933808,0.1360983619394686,975.0,773.0,874.0
2113,0.26772442,0.1012812523740545,791.0,957.0,874.0
7020,0.26511064,0.11180314118889241,818.0,932.0,875.0
27336,0.2496694,0.12963955441831318,932.0,823.0,877.5
51031,0.2615678,0.11578878798302317,844.0,913.0,878.5
3553,0.26287943,0.11359048269546526,836.0,922.0,879.0
4605,0.24666046,0.13074514376982238,945.0,814.0,879.5
3597,0.2598643,0.11775893115824909,860.0,900.0,880.0
9854,0.2576422,0.12039989417657665,877.0,885.0,881.0
8318,0.24194929,0.1332590451969041,962.0,801.0,881.5
80347,0.2449296,0.13027419801563778,949.0,817.0,883.0
1950,0.2637708,0.11047877450399984,831.0,937.0,884.0
8826,0.25256753,0.12415914069835234,912.0,857.0,884.5
6657,0.2547666,0.12208270182295469,898.0,873.0,885.5
5788,0.26630366,0.09008399981881758,805.0,972.0,888.5
23321,0.2611334,0.11190677093580767,848.0,930.0,889.0
5873,0.26166955,0.10705432397416477,843.0,945.0,894.0
6275,0.26145563,0.10664078946825861,845.0,946.0,895.5
581,0.26339996,0.09750689907089144,833.0,965.0,899.0
55893,0.24082173,0.12757618250186836,965.0,835.0,900.0
902,0.24668011,0.12414475808513709,944.0,858.0,901.0
55620,0.25235963,0.12025881416786761,914.0,888.0,901.0
9246,0.25291237,0.11904057969200472,909.0,894.0,901.5
1906,0.25646317,0.11211268523990583,884.0,927.0,905.5
3566,0.25364473,0.11544118494888944,901.0,915.0,908.0
1788,0.2582045,0.10297134226376405,871.0,954.0,912.5
9491,0.26033527,0.08775994488891782,855.0,974.0,914.5
5613,0.24417467,0.1209176436572196,951.0,879.0,915.0
6944,0.24868122,0.11885852168329203,938.0,895.0,916.5
142,0.24297547,0.12067367256351738,956.0,881.0,918.5
8321,0.25927192,0.08441087319485428,863.0,978.0,920.5
4313,0.2503178,0.11507406017423644,928.0,919.0,923.5
3308,0.22930367,0.12213186802066513,976.0,872.0,924.0
23077,0.25543284,0.09924898157088143,891.0,961.0,926.0
2115,0.24938647,0.11220456148275425,934.0,926.0,930.0
23161,0.23433007,0.1153622988124443,971.0,918.0,944.5
9915,0.24494317,0.10791606809292438,948.0,943.0,945.5
2185,0.25044373,0.09604576754573627,926.0,967.0,946.5
29937,0.2426844,0.10917581586683824,959.0,940.0,949.5
51071,0.24394232,0.10339177874124061,952.0,951.0,951.5
7015,0.2474915,0.09152090749760768,941.0,971.0,956.0
10398,0.2434731,0.09992984560268349,954.0,960.0,957.0
1282,0.24364652,0.08880651802160898,953.0,973.0,963.0
9653,0.24146323,0.09661942098071025,964.0,966.0,965.0
5792,0.24340619,0.08719293251750027,955.0,976.0,965.5
6850,0.22508602,0.09889007587047532,977.0,963.0,970.0
4776,0.2293866,0.09377170690043411,974.0,969.0,971.5
