pert_id,rna_plate,average_precision,top1_correct,top5_hit,pert_iname,baseline_average_precision,paired_map_improvement
BRD-A39996500,LJP005_MCF7_24H_X1_B17,1.0,1.0,1.0,radicicol,0.9821428571428571,0.017857142857142905
BRD-K02708799,LJP005_MCF7_24H_X1_B17,0.5251292725142919,1.0,1.0,GSK-1059615,0.4949219821636346,0.03020729035065728
BRD-K03449891,LJP005_MCF7_24H_X1_B17,0.2957741110798387,1.0,1.0,foretinib,0.09653024787140926,0.19924386320842943
BRD-K04887706,LJP005_MCF7_24H_X1_B17,0.20342271630781092,1.0,1.0,AKT-inhibitor-1-2,0.07622892507616166,0.12719379123164926
BRD-K07691486,LJP005_MCF7_24H_X1_B17,0.2274607029616137,0.0,1.0,roscovitine,0.2265390642972164,0.0009216386643972896
BRD-K08799216,LJP005_MCF7_24H_X1_B17,0.5152589240824534,1.0,1.0,pelitinib,0.46379501621437097,0.05146390786808247
BRD-K12184916,LJP005_MCF7_24H_X1_B17,0.3657340046344411,1.0,1.0,NVP-BEZ235,0.09188889980943644,0.2738451048250047
BRD-K37687095,LJP005_MCF7_24H_X1_B17,0.2021014596110873,0.0,1.0,AZD-8330,0.04636367563244262,0.15573778397864468
BRD-K42191735,LJP005_MCF7_24H_X1_B17,0.2735679099225897,1.0,1.0,buparlisib,0.10161921308607831,0.17194869683651143
BRD-K49328571,LJP005_MCF7_24H_X1_B17,0.4340702791496601,1.0,1.0,dasatinib,0.21273631388034106,0.22133396526931906
BRD-K49865102,LJP005_MCF7_24H_X1_B17,0.26905177901730226,1.0,1.0,PD-0325901,0.09396203466924592,0.17508974434805635
BRD-K70401845,LJP005_MCF7_24H_X1_B17,0.016307552864110935,0.0,0.0,erlotinib,0.009347243535234674,0.006960309328876261
BRD-K76908866,LJP005_MCF7_24H_X1_B17,0.35000640040962616,1.0,1.0,CP-724714,0.09522883691230975,0.2547775634973164
BRD-K79404599,LJP005_MCF7_24H_X1_B17,0.1238891746123133,0.0,1.0,enzastaurin,0.5307076188978028,-0.4068184442854895
BRD-K81528515,LJP005_MCF7_24H_X1_B17,0.13971559940318504,0.0,1.0,nilotinib,0.022244586255073622,0.11747101314811141
BRD-K85606544,LJP005_MCF7_24H_X1_B17,0.22862045102360748,1.0,1.0,neratinib,0.05989649901768967,0.1687239520059178
BRD-K87737963,LJP005_MCF7_24H_X1_B17,0.22104872251931074,0.0,1.0,CYT387,0.46344755970924195,-0.24239883718993122
BRD-A39996500,LJP005_MCF7_24H_X2_B17,1.0,1.0,1.0,radicicol,1.0,0.0
BRD-K02708799,LJP005_MCF7_24H_X2_B17,0.43345011500155795,1.0,1.0,GSK-1059615,0.3305795732608613,0.10287054174069665
BRD-K04887706,LJP005_MCF7_24H_X2_B17,0.34765125213519227,1.0,1.0,AKT-inhibitor-1-2,0.08453240619748907,0.2631188459377032
BRD-K07691486,LJP005_MCF7_24H_X2_B17,0.20233128134974918,0.0,1.0,roscovitine,0.1949475719017406,0.007383709448008563
BRD-K08799216,LJP005_MCF7_24H_X2_B17,0.520954228520018,1.0,1.0,pelitinib,0.4103092783505155,0.11064495016950254
BRD-K12184916,LJP005_MCF7_24H_X2_B17,0.3544026826635522,1.0,1.0,NVP-BEZ235,0.3360827112409391,0.0183199714226131
BRD-K37687095,LJP005_MCF7_24H_X2_B17,0.172313326419497,0.0,1.0,AZD-8330,0.02897725496150573,0.14333607145799127
BRD-K49328571,LJP005_MCF7_24H_X2_B17,0.38346658201997286,1.0,1.0,dasatinib,0.15802043379115147,0.2254461482288214
BRD-K49865102,LJP005_MCF7_24H_X2_B17,0.18238378979536266,0.0,1.0,PD-0325901,0.06484057169045951,0.11754321810490315
BRD-K70401845,LJP005_MCF7_24H_X2_B17,0.016913942797305296,0.0,0.0,erlotinib,0.029604143418894915,-0.012690200621589619
BRD-K76908866,LJP005_MCF7_24H_X2_B17,0.2275437457649316,0.0,1.0,CP-724714,0.05003285563299408,0.17751089013193752
BRD-K79090631,LJP005_MCF7_24H_X2_B17,0.3136105897446526,0.0,1.0,CGP-60474,0.39777519635284353,-0.08416460660819092
BRD-K79404599,LJP005_MCF7_24H_X2_B17,0.047963912187086975,0.0,1.0,enzastaurin,0.653369548102661,-0.6054056359155741
BRD-K81528515,LJP005_MCF7_24H_X2_B17,0.11656302396433976,0.0,1.0,nilotinib,0.18850471433789862,-0.07194169037355885
BRD-K85606544,LJP005_MCF7_24H_X2_B17,0.29725628638672114,0.0,1.0,neratinib,0.3147036636492296,-0.017447377262508446
BRD-K87737963,LJP005_MCF7_24H_X2_B17,0.36966074343034244,1.0,1.0,CYT387,0.09828702677575028,0.27137371665459215
BRD-A39996500,LJP005_MCF7_24H_X3_B17,1.0,1.0,1.0,radicicol,0.9821428571428571,0.017857142857142905
BRD-K02708799,LJP005_MCF7_24H_X3_B17,0.3156925081806559,0.0,1.0,GSK-1059615,0.16943501929624094,0.14625748888441498
BRD-K03449891,LJP005_MCF7_24H_X3_B17,0.3299067599067599,1.0,1.0,foretinib,0.255850988700565,0.07405577120619489
BRD-K04887706,LJP005_MCF7_24H_X3_B17,0.22595993027398634,1.0,1.0,AKT-inhibitor-1-2,0.10934935707960684,0.1166105731943795
BRD-K07691486,LJP005_MCF7_24H_X3_B17,0.05784006472321584,0.0,0.0,roscovitine,0.11635174967731278,-0.05851168495409694
BRD-K08799216,LJP005_MCF7_24H_X3_B17,0.515167191482981,1.0,1.0,pelitinib,0.6152572523262179,-0.1000900608432369
BRD-K12184916,LJP005_MCF7_24H_X3_B17,0.2767687962370529,0.0,1.0,NVP-BEZ235,0.2341856060606061,0.04258319017644682
BRD-K37687095,LJP005_MCF7_24H_X3_B17,0.19687463836400007,0.0,1.0,AZD-8330,0.02318670710650092,0.17368793125749915
BRD-K42191735,LJP005_MCF7_24H_X3_B17,0.15944705567656386,0.0,1.0,buparlisib,0.3513392857142857,-0.19189223003772182
BRD-K49328571,LJP005_MCF7_24H_X3_B17,0.48434494820731594,1.0,1.0,dasatinib,0.2220494075792349,0.262295540628081
BRD-K49865102,LJP005_MCF7_24H_X3_B17,0.29455395263147727,1.0,1.0,PD-0325901,0.08776370958051681,0.20679024305096044
BRD-K70401845,LJP005_MCF7_24H_X3_B17,0.028004254529348644,0.0,0.0,erlotinib,0.21818119837930494,-0.1901769438499563
BRD-K76908866,LJP005_MCF7_24H_X3_B17,0.46541565200783075,1.0,1.0,CP-724714,0.1036750578432347,0.36174059416459603
BRD-K79090631,LJP005_MCF7_24H_X3_B17,0.28865889772931685,0.0,1.0,CGP-60474,0.3428876996969587,-0.05422880196764185
BRD-K79404599,LJP005_MCF7_24H_X3_B17,0.04401026585998206,0.0,0.0,enzastaurin,0.6797846889952153,-0.6357744231352332
BRD-K81528515,LJP005_MCF7_24H_X3_B17,0.19382539367419951,1.0,1.0,nilotinib,0.20107676985492642,-0.0072513761807269095
BRD-K85606544,LJP005_MCF7_24H_X3_B17,0.27731570608041195,1.0,1.0,neratinib,0.14397889129126454,0.1333368147891474
BRD-K87737963,LJP005_MCF7_24H_X3_B17,0.3069844979782868,1.0,1.0,CYT387,0.7359903381642511,-0.42900584018596427
BRD-A39996500,LJP005_MCF7_24H_X4_B19,1.0,1.0,1.0,radicicol,1.0,0.0
BRD-K02708799,LJP005_MCF7_24H_X4_B19,0.11479262128743886,0.0,0.0,GSK-1059615,0.2628252101562811,-0.1480325888688422
BRD-K03449891,LJP005_MCF7_24H_X4_B19,0.29052946930789925,0.0,1.0,foretinib,0.10244663382594418,0.18808283548195506
BRD-K04887706,LJP005_MCF7_24H_X4_B19,0.022202008264175056,0.0,0.0,AKT-inhibitor-1-2,0.06021830047849739,-0.03801629221432233
BRD-K07691486,LJP005_MCF7_24H_X4_B19,0.18599494959209886,0.0,1.0,roscovitine,0.17685047287374966,0.009144476718349198
BRD-K08799216,LJP005_MCF7_24H_X4_B19,0.3996693121693122,0.0,1.0,pelitinib,0.7712418300653594,-0.3715725178960472
BRD-K12184916,LJP005_MCF7_24H_X4_B19,0.1520089405157117,0.0,1.0,NVP-BEZ235,0.1457322623528568,0.006276678162854904
BRD-K37687095,LJP005_MCF7_24H_X4_B19,0.14152226243877786,0.0,0.0,AZD-8330,0.03507222939056342,0.10645003304821443
BRD-K42191735,LJP005_MCF7_24H_X4_B19,0.2162737094837935,0.0,1.0,buparlisib,0.20707070707070704,0.00920300241308647
BRD-K49328571,LJP005_MCF7_24H_X4_B19,0.03365971775137738,0.0,0.0,dasatinib,0.022146471841216313,0.01151324591016107
BRD-K49865102,LJP005_MCF7_24H_X4_B19,0.08398459440709455,0.0,1.0,PD-0325901,0.03176648957677658,0.05221810483031797
BRD-K70401845,LJP005_MCF7_24H_X4_B19,0.02487716581863635,0.0,0.0,erlotinib,0.03591744221711251,-0.01104027639847616
BRD-K76908866,LJP005_MCF7_24H_X4_B19,0.08046941448644235,0.0,0.0,CP-724714,0.10516020957538218,-0.02469079508893983
BRD-K79090631,LJP005_MCF7_24H_X4_B19,0.044690932211267374,0.0,0.0,CGP-60474,0.05147507733280878,-0.006784145121541407
BRD-K79404599,LJP005_MCF7_24H_X4_B19,0.032747105841749176,0.0,0.0,enzastaurin,0.64455223880597,-0.6118051329642208
BRD-K81528515,LJP005_MCF7_24H_X4_B19,0.4191253712960951,1.0,1.0,nilotinib,0.03580845234986973,0.3833169189462254
BRD-K85606544,LJP005_MCF7_24H_X4_B19,0.12757786192085496,0.0,1.0,neratinib,0.016240640026421678,0.11133722189443329
BRD-K87737963,LJP005_MCF7_24H_X4_B19,0.12073363281032123,0.0,1.0,CYT387,0.012545694299320195,0.10818793851100104
BRD-A39996500,LJP006_MCF7_24H_X1_B17,1.0,1.0,1.0,radicicol,0.9093537414965985,0.09064625850340147
BRD-K02708799,LJP006_MCF7_24H_X1_B17,0.4357420188614217,1.0,1.0,GSK-1059615,0.1677022335153842,0.2680397853460375
BRD-K13390322,LJP006_MCF7_24H_X1_B17,0.29120453190220635,0.0,1.0,AT-7519,0.2549010768066826,0.03630345509552374
BRD-K19687926,LJP006_MCF7_24H_X1_B17,0.0867781509469167,0.0,1.0,lapatinib,0.014951445110978309,0.07182670583593839
BRD-K20285085,LJP006_MCF7_24H_X1_B17,0.18140923212559926,0.0,0.0,fostamatinib,0.037848564892979684,0.14356066723261957
BRD-K23984367,LJP006_MCF7_24H_X1_B17,0.6948134092346616,1.0,1.0,sorafenib,0.5094681147312726,0.185345294503389
BRD-K40175214,LJP006_MCF7_24H_X1_B17,0.5885964912280702,1.0,1.0,torin-1,0.40661529469669005,0.18198119653138017
BRD-K41895714,LJP006_MCF7_24H_X1_B17,0.0568705715091512,0.0,0.0,AS-605240,0.060199478790738996,-0.0033289072815877938
BRD-K49075727,LJP006_MCF7_24H_X1_B17,0.39374710008460917,1.0,1.0,nintedanib,0.7551587301587301,-0.36141163007412097
BRD-K49328571,LJP006_MCF7_24H_X1_B17,0.18771362262151603,0.0,1.0,dasatinib,0.1278220094011678,0.05989161322034822
BRD-K49865102,LJP006_MCF7_24H_X1_B17,0.026017926853061247,0.0,0.0,PD-0325901,0.10288963425019976,-0.07687170739713851
BRD-K50168500,LJP006_MCF7_24H_X1_B17,0.7193473193473193,1.0,1.0,canertinib,0.3647101264748323,0.354637192872487
BRD-K51313569,LJP006_MCF7_24H_X1_B17,0.7794612794612794,1.0,1.0,palbociclib,0.3347222222222222,0.4447390572390572
BRD-K52911425,LJP006_MCF7_24H_X1_B17,0.2987101754914514,0.0,1.0,GDC-0941,0.20819586115638752,0.09051431433506388
BRD-K56751279,LJP006_MCF7_24H_X1_B17,0.14300904591227176,0.0,1.0,Y-39983,0.02762320213582602,0.11538584377644574
BRD-K57080016,LJP006_MCF7_24H_X1_B17,0.3506591232984422,0.0,1.0,selumetinib,0.014299451024062914,0.33635967227437924
BRD-K64800655,LJP006_MCF7_24H_X1_B17,0.9761904761904762,1.0,1.0,PHA-793887,0.586316154864542,0.38987432132593414
BRD-K67868012,LJP006_MCF7_24H_X1_B17,0.20114062660981527,0.0,1.0,PI-103,0.15066473615073492,0.05047589045908035
BRD-K68065987,LJP006_MCF7_24H_X1_B17,0.1687399186326777,0.0,1.0,MK-2206,0.0951056668997305,0.0736342517329472
BRD-K72414522,LJP006_MCF7_24H_X1_B17,0.22734788359788358,0.0,1.0,AZD-5438,0.19057794057794056,0.03676994301994302
BRD-K79090631,LJP006_MCF7_24H_X1_B17,0.3360484654259757,0.0,1.0,CGP-60474,0.43122289135757225,-0.09517442593159653
BRD-K99545815,LJP006_MCF7_24H_X1_B17,0.4177807955444013,1.0,1.0,PF-562271,0.24889359698681732,0.16888719855758397
BRD-K99749624,LJP006_MCF7_24H_X1_B17,1.0,1.0,1.0,linifanib,0.3982293223273796,0.6017706776726204
BRD-A39996500,LJP006_MCF7_24H_X2_B17,1.0,1.0,1.0,radicicol,0.9821428571428571,0.017857142857142905
BRD-K02708799,LJP006_MCF7_24H_X2_B17,0.4886948498790604,1.0,1.0,GSK-1059615,0.34103130702226603,0.1476635428567944
BRD-K13390322,LJP006_MCF7_24H_X2_B17,0.4153846153846154,1.0,1.0,AT-7519,0.16448135947185374,0.25090325591276164
BRD-K19687926,LJP006_MCF7_24H_X2_B17,0.20381279780232262,1.0,1.0,lapatinib,0.009102093247013261,0.19471070455530937
BRD-K20285085,LJP006_MCF7_24H_X2_B17,0.3091824205954641,0.0,1.0,fostamatinib,0.21517206843293799,0.0940103521625261
BRD-K23984367,LJP006_MCF7_24H_X2_B17,0.5133906633906634,1.0,1.0,sorafenib,0.12292219274977896,0.39046847064088447
BRD-K40175214,LJP006_MCF7_24H_X2_B17,0.5018854046350728,1.0,1.0,torin-1,0.09963898934487168,0.4022464152902011
BRD-K41895714,LJP006_MCF7_24H_X2_B17,0.08977558296707233,0.0,1.0,AS-605240,0.18661393544157467,-0.09683835247450234
BRD-K49075727,LJP006_MCF7_24H_X2_B17,0.38311318560104857,1.0,1.0,nintedanib,0.5875576036866359,-0.20444441808558733
BRD-K49328571,LJP006_MCF7_24H_X2_B17,0.598451841464087,1.0,1.0,dasatinib,0.03536549290525734,0.5630863485588297
BRD-K49865102,LJP006_MCF7_24H_X2_B17,0.26087703654036676,1.0,1.0,PD-0325901,0.04065726626554583,0.22021977027482093
BRD-K50168500,LJP006_MCF7_24H_X2_B17,0.5151455026455026,1.0,1.0,canertinib,0.3877822917508826,0.12736321089462005
BRD-K51313569,LJP006_MCF7_24H_X2_B17,0.4805194805194805,0.0,1.0,palbociclib,0.26042636608674347,0.22009311443273705
BRD-K52911425,LJP006_MCF7_24H_X2_B17,0.17244307764109745,0.0,1.0,GDC-0941,0.11859953703703703,0.05384354060406042
BRD-K56751279,LJP006_MCF7_24H_X2_B17,0.45,1.0,1.0,Y-39983,0.21199687228049288,0.23800312771950713
BRD-K57080016,LJP006_MCF7_24H_X2_B17,0.4157647907647907,0.0,1.0,selumetinib,0.08370014379940878,0.33206464696538196
BRD-K64800655,LJP006_MCF7_24H_X2_B17,0.7484649122807018,1.0,1.0,PHA-793887,0.5552824903546324,0.19318242192606938
BRD-K67868012,LJP006_MCF7_24H_X2_B17,0.05888685184707581,0.0,0.0,PI-103,0.11469895226741667,-0.055812100420340856
BRD-K68065987,LJP006_MCF7_24H_X2_B17,0.180662508711672,0.0,1.0,MK-2206,0.12613328406011334,0.054529224651558655
BRD-K72414522,LJP006_MCF7_24H_X2_B17,0.24025764895330112,0.0,1.0,AZD-5438,0.2766575529733424,-0.03639990402004126
BRD-K79090631,LJP006_MCF7_24H_X2_B17,0.4153474409694046,0.0,1.0,CGP-60474,0.38682407613405273,0.028523364835351894
BRD-K99545815,LJP006_MCF7_24H_X2_B17,0.21089158131841057,0.0,1.0,PF-562271,0.14197210835141869,0.06891947296699188
BRD-K99749624,LJP006_MCF7_24H_X2_B17,1.0,1.0,1.0,linifanib,0.4648306087468181,0.5351693912531819
BRD-A39996500,LJP006_MCF7_24H_X3_B17,1.0,1.0,1.0,radicicol,0.9821428571428571,0.017857142857142905
BRD-K02708799,LJP006_MCF7_24H_X3_B17,0.5437422090576839,1.0,1.0,GSK-1059615,0.32594970217796676,0.21779250687971713
BRD-K13390322,LJP006_MCF7_24H_X3_B17,0.35528360528360525,1.0,1.0,AT-7519,0.1619238722904463,0.19335973299315895
BRD-K19687926,LJP006_MCF7_24H_X3_B17,0.1091005100179412,0.0,0.0,lapatinib,0.1777275265714787,-0.06862701655353749
BRD-K20285085,LJP006_MCF7_24H_X3_B17,0.3038446054750402,0.0,1.0,fostamatinib,0.02569457621008223,0.27815002926495797
BRD-K23984367,LJP006_MCF7_24H_X3_B17,0.4848095560063106,1.0,1.0,sorafenib,0.31143578643578634,0.17337376957052425
BRD-K40175214,LJP006_MCF7_24H_X3_B17,0.5326350732600732,1.0,1.0,torin-1,0.4937848383500558,0.03885023491001738
BRD-K41895714,LJP006_MCF7_24H_X3_B17,0.12913864467521344,0.0,1.0,AS-605240,0.1927982411116181,-0.06365959643640468
BRD-K49075727,LJP006_MCF7_24H_X3_B17,0.38592849871919643,1.0,1.0,nintedanib,0.598917748917749,-0.21298925019855253
BRD-K49328571,LJP006_MCF7_24H_X3_B17,0.5804385409394954,1.0,1.0,dasatinib,0.1899006250871869,0.39053791585230857
BRD-K49865102,LJP006_MCF7_24H_X3_B17,0.24031015170725226,0.0,1.0,PD-0325901,0.07324338855842849,0.16706676314882377
BRD-K50168500,LJP006_MCF7_24H_X3_B17,0.6056763285024155,1.0,1.0,canertinib,0.43121693121693117,0.17445939728548432
BRD-K51313569,LJP006_MCF7_24H_X3_B17,0.5823232323232322,1.0,1.0,palbociclib,0.7236111111111111,-0.14128787878787885
BRD-K52911425,LJP006_MCF7_24H_X3_B17,0.17314814814814816,0.0,1.0,GDC-0941,0.324993524993525,-0.15184537684537686
BRD-K56751279,LJP006_MCF7_24H_X3_B17,0.8509090909090908,1.0,1.0,Y-39983,0.1286807511737089,0.7222283397353819
BRD-K57080016,LJP006_MCF7_24H_X3_B17,0.352991452991453,0.0,1.0,selumetinib,0.10909971600387343,0.2438917369875796
BRD-K64800655,LJP006_MCF7_24H_X3_B17,0.8833333333333333,1.0,1.0,PHA-793887,0.7633458646616541,0.1199874686716792
BRD-K67868012,LJP006_MCF7_24H_X3_B17,0.20204344733924728,0.0,1.0,PI-103,0.24393493188470694,-0.041891484545459656
BRD-K68065987,LJP006_MCF7_24H_X3_B17,0.19415796621678974,0.0,0.0,MK-2206,0.18820546737213403,0.005952498844655707
BRD-K72414522,LJP006_MCF7_24H_X3_B17,0.33218876110752543,1.0,1.0,AZD-5438,0.26633089133089133,0.0658578697766341
BRD-K79090631,LJP006_MCF7_24H_X3_B17,0.3554814680269225,0.0,1.0,CGP-60474,0.36073981437032193,-0.005258346343399445
BRD-K99545815,LJP006_MCF7_24H_X3_B17,0.3967676767676767,1.0,1.0,PF-562271,0.41694708186304824,-0.020179405095371528
BRD-K99749624,LJP006_MCF7_24H_X3_B17,1.0,1.0,1.0,linifanib,0.7815656565656566,0.21843434343434343
BRD-A39996500,LJP006_MCF7_24H_X4_B19,1.0,1.0,1.0,radicicol,1.0,0.0
BRD-K02708799,LJP006_MCF7_24H_X4_B19,0.35891333103388234,1.0,1.0,GSK-1059615,0.16762274201478078,0.19129058901910156
BRD-K13390322,LJP006_MCF7_24H_X4_B19,0.10896039617561822,0.0,0.0,AT-7519,0.07041920538377384,0.03854119079184437
BRD-K19687926,LJP006_MCF7_24H_X4_B19,0.017425649764846566,0.0,0.0,lapatinib,0.066948374971114,-0.04952272520626744
BRD-K20285085,LJP006_MCF7_24H_X4_B19,0.13896103896103895,0.0,1.0,fostamatinib,0.022239717186695287,0.11672132177434366
BRD-K23984367,LJP006_MCF7_24H_X4_B19,0.3598093302361595,0.0,1.0,sorafenib,0.21121721415839065,0.14859211607776887
BRD-K40175214,LJP006_MCF7_24H_X4_B19,0.2246212121212121,0.0,0.0,torin-1,0.21048381715048384,0.014137394970728273
BRD-K41895714,LJP006_MCF7_24H_X4_B19,0.044524203405310214,0.0,0.0,AS-605240,0.007432272060686785,0.03709193134462343
BRD-K49075727,LJP006_MCF7_24H_X4_B19,0.08076216258919262,0.0,0.0,nintedanib,0.1290064151214221,-0.048244252532229484
BRD-K49328571,LJP006_MCF7_24H_X4_B19,0.7936755893186898,1.0,1.0,dasatinib,0.42900588736726775,0.364669701951422
BRD-K49865102,LJP006_MCF7_24H_X4_B19,0.05701123410319873,0.0,1.0,PD-0325901,0.14322404624157123,-0.08621281213837251
BRD-K50168500,LJP006_MCF7_24H_X4_B19,0.4420522795522796,1.0,1.0,canertinib,0.18084518761305937,0.2612070919392202
BRD-K51313569,LJP006_MCF7_24H_X4_B19,0.8151260504201682,1.0,1.0,palbociclib,0.23901163072021858,0.5761144196999496
BRD-K52911425,LJP006_MCF7_24H_X4_B19,0.27047648940304303,0.0,1.0,GDC-0941,0.06374673411297256,0.20672975529007048
BRD-K57080016,LJP006_MCF7_24H_X4_B19,0.725720551378446,1.0,1.0,selumetinib,0.020356832463021193,0.7053637189154248
BRD-K64800655,LJP006_MCF7_24H_X4_B19,0.829656862745098,1.0,1.0,PHA-793887,0.6564542483660131,0.1732026143790849
BRD-K67868012,LJP006_MCF7_24H_X4_B19,0.014170438832274854,0.0,0.0,PI-103,0.26299789226451664,-0.24882745343224177
BRD-K68065987,LJP006_MCF7_24H_X4_B19,0.4670500077053475,1.0,1.0,MK-2206,0.20732181761593527,0.2597281900894122
BRD-K72414522,LJP006_MCF7_24H_X4_B19,0.42677906888433204,1.0,1.0,AZD-5438,0.23704184704184705,0.18973722184248498
BRD-K79090631,LJP006_MCF7_24H_X4_B19,0.3587192083504558,0.0,1.0,CGP-60474,0.4311470679625062,-0.0724278596120504
BRD-K99545815,LJP006_MCF7_24H_X4_B19,0.07332944832944834,0.0,0.0,PF-562271,0.024961066094114023,0.04836838223533431
BRD-K99749624,LJP006_MCF7_24H_X4_B19,1.0,1.0,1.0,linifanib,0.8690476190476191,0.13095238095238093
BRD-A61304759,LJP007_MCF7_24H_X1_B20,1.0,1.0,1.0,tanespimycin,1.0,0.0
BRD-K02708799,LJP007_MCF7_24H_X1_B20,0.6655488996066146,1.0,1.0,GSK-1059615,0.5363368613218307,0.1292120382847839
BRD-K05804044,LJP007_MCF7_24H_X1_B20,0.33931623931623933,1.0,1.0,AZ-628,0.07559614514838395,0.26372009416785536
BRD-K13662825,LJP007_MCF7_24H_X1_B20,0.20094696969696973,0.0,0.0,dinaciclib,0.21097972203235363,-0.010032752335383893
BRD-K21718444,LJP007_MCF7_24H_X1_B20,0.25970610228922253,1.0,1.0,KW-2449,0.22431713118568056,0.03538897110354197
BRD-K28392481,LJP007_MCF7_24H_X1_B20,0.31269427294017454,1.0,1.0,AZD-4547,0.137964166165224,0.17473010677495054
BRD-K33379087,LJP007_MCF7_24H_X1_B20,0.416060606060606,0.0,1.0,tivantinib,0.24006541386404084,0.17599519219656518
BRD-K40738845,LJP007_MCF7_24H_X1_B20,0.025425282454052445,0.0,0.0,BMS-777607,0.044641970947671104,-0.01921668849361866
BRD-K42805893,LJP007_MCF7_24H_X1_B20,0.3932112890922959,1.0,1.0,osimertinib,0.4911318150448585,-0.09792052595256256
BRD-K49328571,LJP007_MCF7_24H_X1_B20,0.7789214473618388,1.0,1.0,dasatinib,0.2893218403565576,0.48959960700528116
BRD-K49865102,LJP007_MCF7_24H_X1_B20,0.24149408097837136,1.0,1.0,PD-0325901,0.034967950469122766,0.2065261305092486
BRD-K51544265,LJP007_MCF7_24H_X1_B20,0.17152832674571808,0.0,1.0,cabozantinib,0.3640147800330867,-0.1924864532873686
BRD-K53414658,LJP007_MCF7_24H_X1_B20,0.25363022941970315,1.0,1.0,tivozanib,0.10173544973544972,0.1518947796842534
BRD-K53417444,LJP007_MCF7_24H_X1_B20,0.16590048840048838,0.0,0.0,OTS-167,0.21255411255411255,-0.046653624153624174
BRD-K57169635,LJP007_MCF7_24H_X1_B20,1.0,1.0,1.0,dacomitinib,0.8151515151515152,0.18484848484848482
BRD-K59317601,LJP007_MCF7_24H_X1_B20,0.7783333333333333,1.0,1.0,MLN-0128,0.6142857142857143,0.164047619047619
BRD-K60866521,LJP007_MCF7_24H_X1_B20,0.06999200939361852,0.0,0.0,idelalisib,0.03763200532130155,0.03236000407231697
BRD-K66538826,LJP007_MCF7_24H_X1_B20,0.2741883116883117,0.0,1.0,amuvatinib,0.07204008431447903,0.20214822737383267
BRD-K71035033,LJP007_MCF7_24H_X1_B20,0.5133333333333334,1.0,1.0,masitinib,0.3713322632423756,0.1420010700909578
BRD-K74065929,LJP007_MCF7_24H_X1_B20,0.052758416967019994,0.0,1.0,doramapimod,0.010885369355438731,0.04187304761158126
BRD-K74514084,LJP007_MCF7_24H_X1_B20,0.41652046783625735,0.0,1.0,pazopanib,0.030436183617465272,0.3860842842187921
BRD-K77625799,LJP007_MCF7_24H_X1_B20,0.31153591954022986,1.0,1.0,vandetanib,0.0641499089998589,0.24738601054037096
BRD-K79090631,LJP007_MCF7_24H_X1_B20,0.4406314352179494,1.0,1.0,CGP-60474,0.42516682113285537,0.01546461408509403
BRD-K80700417,LJP007_MCF7_24H_X1_B20,1.0,1.0,1.0,SGI-1776,0.8099999999999999,0.19000000000000006
BRD-K93918653,LJP007_MCF7_24H_X1_B20,0.444113475177305,1.0,1.0,quizartinib,0.0846589435882504,0.3594545315890546
BRD-K99964838,LJP007_MCF7_24H_X1_B20,0.5448491747296529,1.0,1.0,bosutinib,0.05304770211877685,0.49180147261087603
BRD-A61304759,LJP007_MCF7_24H_X2_B20,1.0,1.0,1.0,tanespimycin,1.0,0.0
BRD-K02708799,LJP007_MCF7_24H_X2_B20,0.6972423823641459,1.0,1.0,GSK-1059615,0.7195250926918625,-0.02228271032771656
BRD-K05804044,LJP007_MCF7_24H_X2_B20,0.07160967687283477,0.0,0.0,AZ-628,0.04260053898126842,0.029009137891566353
BRD-K13662825,LJP007_MCF7_24H_X2_B20,0.29723346828609987,0.0,1.0,dinaciclib,0.34244505494505495,-0.04521158665895508
BRD-K21718444,LJP007_MCF7_24H_X2_B20,0.10563492063492064,0.0,0.0,KW-2449,0.12329863052618092,-0.017663709891260287
BRD-K28392481,LJP007_MCF7_24H_X2_B20,0.44326934787292843,1.0,1.0,AZD-4547,0.6179757511860833,-0.17470640331315485
BRD-K33379087,LJP007_MCF7_24H_X2_B20,0.4852564102564102,1.0,1.0,tivantinib,0.2604761904761905,0.22478021978021973
BRD-K40738845,LJP007_MCF7_24H_X2_B20,0.03429099898159889,0.0,0.0,BMS-777607,0.26939228642015023,-0.23510128743855135
BRD-K42805893,LJP007_MCF7_24H_X2_B20,0.5702040816326531,1.0,1.0,osimertinib,0.09567226890756304,0.4745318127250901
BRD-K49328571,LJP007_MCF7_24H_X2_B20,0.8010959962714348,1.0,1.0,dasatinib,0.1763354164239803,0.6247605798474545
BRD-K49865102,LJP007_MCF7_24H_X2_B20,0.48072516957347816,1.0,1.0,PD-0325901,0.17339572588485602,0.30732944368862214
BRD-K51544265,LJP007_MCF7_24H_X2_B20,0.6589635854341737,1.0,1.0,cabozantinib,0.33414062316835863,0.32482296226581503
BRD-K53414658,LJP007_MCF7_24H_X2_B20,0.11946619961887137,0.0,1.0,tivozanib,0.030689159325522963,0.0887770402933484
BRD-K53417444,LJP007_MCF7_24H_X2_B20,0.3965367965367966,0.0,1.0,OTS-167,0.1853762084909626,0.21116058804583399
BRD-K57169635,LJP007_MCF7_24H_X2_B20,1.0,1.0,1.0,dacomitinib,0.16116317789779613,0.8388368221022039
BRD-K59317601,LJP007_MCF7_24H_X2_B20,0.6787301587301586,1.0,1.0,MLN-0128,0.6529670329670331,0.02576312576312556
BRD-K60866521,LJP007_MCF7_24H_X2_B20,0.2686722096245906,1.0,1.0,idelalisib,0.21334437529017788,0.05532783433441271
BRD-K66538826,LJP007_MCF7_24H_X2_B20,0.24471003134796243,0.0,1.0,amuvatinib,0.04526502040750341,0.19944501094045902
BRD-K71035033,LJP007_MCF7_24H_X2_B20,0.8166666666666667,1.0,1.0,masitinib,0.025989984029381102,0.7906766826372855
BRD-K74065929,LJP007_MCF7_24H_X2_B20,0.18659090909090909,0.0,1.0,doramapimod,0.03833183441811118,0.14825907467279792
BRD-K74514084,LJP007_MCF7_24H_X2_B20,0.6452380952380953,1.0,1.0,pazopanib,0.022455851234031536,0.6227822440040638
BRD-K77625799,LJP007_MCF7_24H_X2_B20,0.10729050233115274,0.0,1.0,vandetanib,0.2734765834027439,-0.16618608107159116
BRD-K79090631,LJP007_MCF7_24H_X2_B20,0.49677126793709037,1.0,1.0,CGP-60474,0.494056564883862,0.002714703053228351
BRD-K80700417,LJP007_MCF7_24H_X2_B20,0.9028571428571428,1.0,1.0,SGI-1776,0.4826367119470567,0.4202204309100861
BRD-K93918653,LJP007_MCF7_24H_X2_B20,0.4556734453286177,1.0,1.0,quizartinib,0.06664836899156036,0.38902507633705735
BRD-K99964838,LJP007_MCF7_24H_X2_B20,0.5712358028550588,1.0,1.0,bosutinib,0.30464211469981706,0.26659368815524176
BRD-A61304759,LJP007_MCF7_24H_X3_B20,1.0,1.0,1.0,tanespimycin,0.5597465034965035,0.44025349650349654
BRD-K02708799,LJP007_MCF7_24H_X3_B20,0.6597547510853963,1.0,1.0,GSK-1059615,0.5598583578752896,0.09989639321010668
BRD-K05804044,LJP007_MCF7_24H_X3_B20,0.34963825287403044,1.0,1.0,AZ-628,0.009412871801594018,0.34022538107243644
BRD-K13662825,LJP007_MCF7_24H_X3_B20,0.5147755470336115,1.0,1.0,dinaciclib,0.21694915254237288,0.2978263944912386
BRD-K21718444,LJP007_MCF7_24H_X3_B20,0.2773129828528359,0.0,1.0,KW-2449,0.026234427722439817,0.25107855513039606
BRD-K28392481,LJP007_MCF7_24H_X3_B20,0.4005545842498073,1.0,1.0,AZD-4547,0.41652955409609393,-0.015974969846286657
BRD-K33379087,LJP007_MCF7_24H_X3_B20,0.4593073593073592,1.0,1.0,tivantinib,0.23852941176470593,0.22077794754265329
BRD-K40738845,LJP007_MCF7_24H_X3_B20,0.02858034561220097,0.0,0.0,BMS-777607,0.25758117570242817,-0.2290008300902272
BRD-K42805893,LJP007_MCF7_24H_X3_B20,0.4521548103637655,1.0,1.0,osimertinib,0.21856410256410258,0.2335907077996629
BRD-K49328571,LJP007_MCF7_24H_X3_B20,0.5482659240540454,1.0,1.0,dasatinib,0.170634844447954,0.37763107960609144
BRD-K49865102,LJP007_MCF7_24H_X3_B20,0.4164020014118397,1.0,1.0,PD-0325901,0.26107580505419686,0.15532619635764283
BRD-K51544265,LJP007_MCF7_24H_X3_B20,0.46510089472682276,1.0,1.0,cabozantinib,0.45601257356875335,0.009088321158069401
BRD-K53414658,LJP007_MCF7_24H_X3_B20,0.24562495951910876,1.0,1.0,tivozanib,0.06180276388752709,0.18382219563158167
BRD-K53417444,LJP007_MCF7_24H_X3_B20,0.2547619047619048,0.0,1.0,OTS-167,0.1832964927792514,0.07146541198265341
BRD-K57169635,LJP007_MCF7_24H_X3_B20,0.8909090909090909,1.0,1.0,dacomitinib,0.8454545454545455,0.045454545454545414
BRD-K59317601,LJP007_MCF7_24H_X3_B20,0.8333333333333333,1.0,1.0,MLN-0128,0.6028083028083028,0.23052503052503048
BRD-K60866521,LJP007_MCF7_24H_X3_B20,0.3109651865749427,1.0,1.0,idelalisib,0.2137397125815057,0.097225473993437
BRD-K66538826,LJP007_MCF7_24H_X3_B20,0.20782051282051278,0.0,1.0,amuvatinib,0.012338429222326697,0.19548208359818608
BRD-K71035033,LJP007_MCF7_24H_X3_B20,0.639047619047619,1.0,1.0,masitinib,0.4313725490196078,0.20767507002801117
BRD-K74065929,LJP007_MCF7_24H_X3_B20,0.1630515683147262,0.0,1.0,doramapimod,0.02958358148777182,0.13346798682695438
BRD-K74514084,LJP007_MCF7_24H_X3_B20,0.34345238095238095,0.0,1.0,pazopanib,0.049795899110922484,0.2936564818414585
BRD-K77625799,LJP007_MCF7_24H_X3_B20,0.3175516357605909,1.0,1.0,vandetanib,0.4068777027427285,-0.08932606698213758
BRD-K79090631,LJP007_MCF7_24H_X3_B20,0.4763234372715218,1.0,1.0,CGP-60474,0.3525566613369554,0.12376677593456642
BRD-K80700417,LJP007_MCF7_24H_X3_B20,1.0,1.0,1.0,SGI-1776,0.5250184284240011,0.47498157157599885
BRD-K93918653,LJP007_MCF7_24H_X3_B20,0.4488914594177752,1.0,1.0,quizartinib,0.025553454384373685,0.4233380050334015
BRD-K99964838,LJP007_MCF7_24H_X3_B20,0.216925136381772,0.0,1.0,bosutinib,0.030339539936649357,0.18658559644512263
BRD-A58280226,LJP008_MCF7_24H_X1_B20,0.6095238095238095,1.0,1.0,Y-27632,0.3457142857142857,0.26380952380952377
BRD-A61304759,LJP008_MCF7_24H_X1_B20,1.0,1.0,1.0,tanespimycin,0.9519230769230769,0.04807692307692313
BRD-K02113016,LJP008_MCF7_24H_X1_B20,0.02071847585312434,0.0,0.0,olaparib,0.015660248355982953,0.0050582274971413856
BRD-K02708799,LJP008_MCF7_24H_X1_B20,0.6505660964512092,1.0,1.0,GSK-1059615,0.48708905462718866,0.16347704182402056
BRD-K08109215,LJP008_MCF7_24H_X1_B20,1.0,1.0,1.0,I-BET-762,0.568031968031968,0.431968031968032
BRD-K11153516,LJP008_MCF7_24H_X1_B20,0.12903005207353033,0.0,1.0,iniparib,0.06572642601628109,0.06330362605724923
BRD-K12787259,LJP008_MCF7_24H_X1_B20,0.9,1.0,1.0,CX-5461,1.0,-0.09999999999999998
BRD-K17743125,LJP008_MCF7_24H_X1_B20,0.8666666666666666,1.0,1.0,belinostat,0.8163934426229508,0.050273224043715814
BRD-K36740062,LJP008_MCF7_24H_X1_B20,0.31577941040140906,1.0,1.0,GSK-1070916,0.11917705791994218,0.19660235248146687
BRD-K49328571,LJP008_MCF7_24H_X1_B20,0.3275443676597581,0.0,1.0,dasatinib,0.09713532182234137,0.23040904583741673
BRD-K49865102,LJP008_MCF7_24H_X1_B20,0.37023639363575184,0.0,1.0,PD-0325901,0.24219771688458,0.12803867675117184
BRD-K54256913,LJP008_MCF7_24H_X1_B20,0.09674858984689767,0.0,0.0,MK-1775,0.09652453171591106,0.00022405813098660965
BRD-K56301217,LJP008_MCF7_24H_X1_B20,0.05665912582041614,0.0,0.0,ABT-737,0.019318212500329186,0.03734091332008696
BRD-K77908580,LJP008_MCF7_24H_X1_B20,1.0,1.0,1.0,entinostat,0.7861904761904762,0.21380952380952378
BRD-K79090631,LJP008_MCF7_24H_X1_B20,0.4859545755436944,1.0,1.0,CGP-60474,0.36892545158075485,0.11702912396293957
BRD-K79254416,LJP008_MCF7_24H_X1_B20,0.09012464985994398,0.0,0.0,decitabine,0.018364545061314658,0.07176010479862932
BRD-K82928847,LJP008_MCF7_24H_X1_B20,1.0,1.0,1.0,ACY-1215,0.5777639751552796,0.42223602484472045
BRD-K87142802,LJP008_MCF7_24H_X1_B20,0.08382839997691996,0.0,0.0,veliparib,0.1484216858410407,-0.06459328586412075
BRD-K92428232,LJP008_MCF7_24H_X1_B20,0.8266666666666665,1.0,1.0,GSK-461364,0.5132505175983437,0.3134161490683228
BRD-A58280226,LJP008_MCF7_24H_X2_B20,0.3263339070567986,0.0,1.0,Y-27632,0.37252747252747254,-0.046193565470673936
BRD-A61304759,LJP008_MCF7_24H_X2_B20,1.0,1.0,1.0,tanespimycin,0.8463255494505495,0.1536744505494505
BRD-K02113016,LJP008_MCF7_24H_X2_B20,0.04599707920969275,0.0,0.0,olaparib,0.03742131064575075,0.008575768563942002
BRD-K02708799,LJP008_MCF7_24H_X2_B20,0.6252594764154893,1.0,1.0,GSK-1059615,0.35090547703911856,0.2743539993763707
BRD-K08109215,LJP008_MCF7_24H_X2_B20,1.0,1.0,1.0,I-BET-762,0.4228644129407487,0.5771355870592513
BRD-K11153516,LJP008_MCF7_24H_X2_B20,0.2563058364938896,1.0,1.0,iniparib,0.12714022761350285,0.12916560888038675
BRD-K12787259,LJP008_MCF7_24H_X2_B20,1.0,1.0,1.0,CX-5461,0.5416666666666667,0.45833333333333326
BRD-K17743125,LJP008_MCF7_24H_X2_B20,0.8625,1.0,1.0,belinostat,0.8263157894736842,0.03618421052631582
BRD-K36740062,LJP008_MCF7_24H_X2_B20,0.23649122807017547,0.0,1.0,GSK-1070916,0.08420248616361077,0.15228874190656472
BRD-K49328571,LJP008_MCF7_24H_X2_B20,0.5124655290833524,1.0,1.0,dasatinib,0.31441389301992206,0.19805163606343035
BRD-K49865102,LJP008_MCF7_24H_X2_B20,0.3725507372543772,1.0,1.0,PD-0325901,0.3405527672423386,0.03199797001203858
BRD-K54256913,LJP008_MCF7_24H_X2_B20,0.1334303149177291,0.0,1.0,MK-1775,0.13859507856664743,-0.005164763648918325
BRD-K56301217,LJP008_MCF7_24H_X2_B20,0.3189213775178687,1.0,1.0,ABT-737,0.01973277606476464,0.29918860145310405
BRD-K77908580,LJP008_MCF7_24H_X2_B20,0.9666666666666666,1.0,1.0,entinostat,0.9266666666666665,0.040000000000000036
BRD-K79090631,LJP008_MCF7_24H_X2_B20,0.27941422819134715,0.0,1.0,CGP-60474,0.35931810844333,-0.07990388025198286
BRD-K79254416,LJP008_MCF7_24H_X2_B20,0.1288001253132832,0.0,1.0,decitabine,0.11033675588741668,0.018463369425866516
BRD-K82928847,LJP008_MCF7_24H_X2_B20,1.0,1.0,1.0,ACY-1215,0.34241666666666665,0.6575833333333334
BRD-K87142802,LJP008_MCF7_24H_X2_B20,0.2838630326315056,1.0,1.0,veliparib,0.21256377537300963,0.07129925725849595
BRD-K92428232,LJP008_MCF7_24H_X2_B20,0.5619047619047619,1.0,1.0,GSK-461364,0.02744434913011659,0.5344604127746453
BRD-A58280226,LJP008_MCF7_24H_X3_B20,0.16286367858185388,0.0,1.0,Y-27632,0.08641646489104116,0.07644721369081273
BRD-A61304759,LJP008_MCF7_24H_X3_B20,1.0,1.0,1.0,tanespimycin,0.912037037037037,0.08796296296296302
BRD-K02113016,LJP008_MCF7_24H_X3_B20,0.06472025255329215,0.0,1.0,olaparib,0.009925969161878545,0.05479428339141361
BRD-K02708799,LJP008_MCF7_24H_X3_B20,0.6137084769575709,1.0,1.0,GSK-1059615,0.2309892609381121,0.3827192160194588
BRD-K08109215,LJP008_MCF7_24H_X3_B20,0.9428571428571428,1.0,1.0,I-BET-762,0.018150417499372844,0.92470672535777
BRD-K11153516,LJP008_MCF7_24H_X3_B20,0.326892446633826,1.0,1.0,iniparib,0.023718664029034088,0.3031737826047919
BRD-K12787259,LJP008_MCF7_24H_X3_B20,0.7833333333333333,1.0,1.0,CX-5461,0.642156862745098,0.14117647058823535
BRD-K17743125,LJP008_MCF7_24H_X3_B20,0.8625,1.0,1.0,belinostat,0.8140845070422535,0.0484154929577465
BRD-K36740062,LJP008_MCF7_24H_X3_B20,0.26042010424032896,0.0,1.0,GSK-1070916,0.02091533382277859,0.23950477041755036
BRD-K49328571,LJP008_MCF7_24H_X3_B20,0.8350016549554647,1.0,1.0,dasatinib,0.0379563677553835,0.7970452872000813
BRD-K49865102,LJP008_MCF7_24H_X3_B20,0.41497766152550153,1.0,1.0,PD-0325901,0.21379962078493864,0.2011780407405629
BRD-K54256913,LJP008_MCF7_24H_X3_B20,0.08545870774497219,0.0,0.0,MK-1775,0.04173177727283417,0.04372693047213802
BRD-K56301217,LJP008_MCF7_24H_X3_B20,0.032041716602183724,0.0,0.0,ABT-737,0.006453126935607345,0.02558858966657638
BRD-K77908580,LJP008_MCF7_24H_X3_B20,1.0,1.0,1.0,entinostat,1.0,0.0
BRD-K79090631,LJP008_MCF7_24H_X3_B20,0.33499167567177474,0.0,1.0,CGP-60474,0.4104584429886857,-0.07546676731691099
BRD-K79254416,LJP008_MCF7_24H_X3_B20,0.15069952774498227,0.0,1.0,decitabine,0.03298791312297708,0.11771161462200519
BRD-K82928847,LJP008_MCF7_24H_X3_B20,0.6392857142857142,1.0,1.0,ACY-1215,0.24414453816515672,0.39514117612055755
BRD-K87142802,LJP008_MCF7_24H_X3_B20,0.1761111111111111,0.0,1.0,veliparib,0.10052269671257012,0.07558841439854098
BRD-K92428232,LJP008_MCF7_24H_X3_B20,0.7534782608695652,1.0,1.0,GSK-461364,0.643937575030012,0.10954068583955312
BRD-A61304759,LJP009_MCF7_24H_X1_B20,1.0,1.0,1.0,tanespimycin,0.975,0.025000000000000022
BRD-K02113016,LJP009_MCF7_24H_X1_B20,0.028742976773571675,0.0,0.0,olaparib,0.03295941732585568,-0.004216440552284005
BRD-K02123250,LJP009_MCF7_24H_X1_B20,0.2405175496268613,1.0,1.0,JNJ-38877605,0.09510120089039589,0.14541634873646542
BRD-K02708799,LJP009_MCF7_24H_X1_B20,0.6658070094244097,1.0,1.0,GSK-1059615,0.5092268617978706,0.15658014762653916
BRD-K09132007,LJP009_MCF7_24H_X1_B20,0.07348106525534034,0.0,1.0,D-4476,0.03193097521421919,0.04155009004112115
BRD-K09951645,LJP009_MCF7_24H_X1_B20,0.10542615854091267,0.0,1.0,dabrafenib,0.007373766861281888,0.09805239167963078
BRD-K16730910,LJP009_MCF7_24H_X1_B20,0.49570863024544726,1.0,1.0,regorafenib,0.04116633485758132,0.45454229538786595
BRD-K19477839,LJP009_MCF7_24H_X1_B20,0.1038678510207262,0.0,1.0,SGX523,0.03482082281919675,0.06904702820152944
BRD-K45746021,LJP009_MCF7_24H_X1_B20,0.24338240526596686,0.0,1.0,CC-401,0.45138202973497094,-0.20799962446900408
BRD-K49328571,LJP009_MCF7_24H_X1_B20,0.7970062610789225,1.0,1.0,dasatinib,0.13131234027696986,0.6656939208019526
BRD-K49865102,LJP009_MCF7_24H_X1_B20,0.3865495513188977,0.0,1.0,PD-0325901,0.34827582889107567,0.03827372242782201
BRD-K70511574,LJP009_MCF7_24H_X1_B20,0.9666666666666666,1.0,1.0,HMN-214,0.45847457627118643,0.5081920903954802
BRD-K79090631,LJP009_MCF7_24H_X1_B20,0.3847382289953856,1.0,1.0,CGP-60474,0.4711701113565784,-0.08643188236119276
BRD-K83963101,LJP009_MCF7_24H_X1_B20,0.45980861244019133,1.0,1.0,MLN-8054,0.2834252703817921,0.17638334205839923
BRD-K87142802,LJP009_MCF7_24H_X1_B20,0.25530991735537195,0.0,1.0,veliparib,0.058812928572072196,0.19649698878329974
BRD-K93123848,LJP009_MCF7_24H_X1_B20,0.006623772173267895,0.0,0.0,RAF-265,0.006533907022137198,8.98651511306971e-05
BRD-A61304759,LJP009_MCF7_24H_X2_B20,1.0,1.0,1.0,tanespimycin,0.9027777777777778,0.09722222222222221
BRD-K02113016,LJP009_MCF7_24H_X2_B20,0.06679107599337415,0.0,1.0,olaparib,0.030880812794092577,0.035910263199281575
BRD-K02123250,LJP009_MCF7_24H_X2_B20,0.354555232239796,1.0,1.0,JNJ-38877605,0.09381055452484025,0.2607446777149558
BRD-K02708799,LJP009_MCF7_24H_X2_B20,0.6200389359861666,1.0,1.0,GSK-1059615,0.2762718128702998,0.34376712311586677
BRD-K09132007,LJP009_MCF7_24H_X2_B20,0.10575257062072478,0.0,1.0,D-4476,0.12188490464679025,-0.016132334026065467
BRD-K09951645,LJP009_MCF7_24H_X2_B20,0.21048474945533768,0.0,1.0,dabrafenib,0.03374718203954032,0.17673756741579735
BRD-K16730910,LJP009_MCF7_24H_X2_B20,0.4537573039815192,1.0,1.0,regorafenib,0.038696849733810726,0.4150604542477085
BRD-K19477839,LJP009_MCF7_24H_X2_B20,0.029722493208408703,0.0,0.0,SGX523,0.03244853056734245,-0.0027260373589337444
BRD-K45746021,LJP009_MCF7_24H_X2_B20,0.20884199675973036,0.0,1.0,CC-401,0.44574016022291885,-0.23689816346318848
BRD-K49328571,LJP009_MCF7_24H_X2_B20,0.8181589356092908,1.0,1.0,dasatinib,0.1741714956208062,0.6439874399884846
BRD-K49865102,LJP009_MCF7_24H_X2_B20,0.448428414756968,1.0,1.0,PD-0325901,0.027302491414899644,0.42112592334206833
BRD-K70511574,LJP009_MCF7_24H_X2_B20,0.9028571428571428,1.0,1.0,HMN-214,0.5642857142857143,0.3385714285714285
BRD-K79090631,LJP009_MCF7_24H_X2_B20,0.3714027571442432,1.0,1.0,CGP-60474,0.3865620699355711,-0.015159312791327872
BRD-K83963101,LJP009_MCF7_24H_X2_B20,0.41148528492926834,1.0,1.0,MLN-8054,0.2499242424242424,0.16156104250502593
BRD-K87142802,LJP009_MCF7_24H_X2_B20,0.07525441952621639,0.0,0.0,veliparib,0.03590139373215566,0.039353025794060734
BRD-K93123848,LJP009_MCF7_24H_X2_B20,0.09388550135501356,0.0,1.0,RAF-265,0.014358782562322644,0.07952671879269091
BRD-A61304759,LJP009_MCF7_24H_X3_B20,1.0,1.0,1.0,tanespimycin,1.0,0.0
BRD-K02113016,LJP009_MCF7_24H_X3_B20,0.02167844522097098,0.0,0.0,olaparib,0.03175468469222349,-0.010076239471252513
BRD-K02123250,LJP009_MCF7_24H_X3_B20,0.18600664287481006,0.0,1.0,JNJ-38877605,0.1352465893093211,0.05076005356548896
BRD-K02708799,LJP009_MCF7_24H_X3_B20,0.6515984100347302,1.0,1.0,GSK-1059615,0.21548780207633064,0.4361106079583995
BRD-K09132007,LJP009_MCF7_24H_X3_B20,0.11021580675280865,0.0,1.0,D-4476,0.01074076403029382,0.09947504272251483
BRD-K09951645,LJP009_MCF7_24H_X3_B20,0.12173439463762044,0.0,1.0,dabrafenib,0.2572850301970834,-0.13555063555946295
BRD-K16730910,LJP009_MCF7_24H_X3_B20,0.4431057824793547,1.0,1.0,regorafenib,0.019572811929062954,0.42353297055029177
BRD-K19477839,LJP009_MCF7_24H_X3_B20,0.05104123822703954,0.0,0.0,SGX523,0.06800083923514885,-0.01695960100810931
BRD-K45746021,LJP009_MCF7_24H_X3_B20,0.4082978123250694,1.0,1.0,CC-401,0.431103368176539,-0.022805555851469594
BRD-K49328571,LJP009_MCF7_24H_X3_B20,0.8048058645520585,1.0,1.0,dasatinib,0.3515959419220852,0.4532099226299733
BRD-K49865102,LJP009_MCF7_24H_X3_B20,0.4290966074430458,1.0,1.0,PD-0325901,0.37268393696179114,0.056412670481254645
BRD-K70511574,LJP009_MCF7_24H_X3_B20,0.4442857142857143,0.0,1.0,HMN-214,0.22363372810264,0.22065198618307427
BRD-K79090631,LJP009_MCF7_24H_X3_B20,0.36064886257599427,0.0,1.0,CGP-60474,0.37354445014096516,-0.01289558756497089
BRD-K83963101,LJP009_MCF7_24H_X3_B20,0.06608695652173913,0.0,0.0,MLN-8054,0.18061890472618153,-0.1145319482044424
BRD-K87142802,LJP009_MCF7_24H_X3_B20,0.2869444444444445,0.0,1.0,veliparib,0.09784345922276956,0.18910098522167496
BRD-K93123848,LJP009_MCF7_24H_X3_B20,0.25694718585627363,1.0,1.0,RAF-265,0.022634645749828992,0.23431254010644464
BRD-K12184916,REP.A002_MCF7_24H_X1_B27,0.11480141328594794,0.0,0.0,NVP-BEZ235,0.1835138072142176,-0.06871239392826965
BRD-K16730910,REP.A002_MCF7_24H_X1_B27,0.4281360014823049,1.0,1.0,regorafenib,0.07042605741792354,0.3577099440643814
BRD-K17743125,REP.A002_MCF7_24H_X1_B27,0.876923076923077,1.0,1.0,belinostat,0.8294117647058824,0.04751131221719462
BRD-K99964838,REP.A002_MCF7_24H_X1_B27,0.13444341467156812,0.0,1.0,bosutinib,0.07362511050592034,0.06081830416564778
BRD-K12184916,REP.A002_MCF7_24H_X2_B29,0.01754904820565311,0.0,0.0,NVP-BEZ235,0.011293016694641328,0.006256031511011782
BRD-K16730910,REP.A002_MCF7_24H_X2_B29,0.011680728283922756,0.0,0.0,regorafenib,0.010300668009967191,0.0013800602739555655
BRD-K17743125,REP.A002_MCF7_24H_X2_B29,1.0,1.0,1.0,belinostat,0.7592857142857143,0.24071428571428566
BRD-K99964838,REP.A002_MCF7_24H_X2_B29,0.009864153969941326,0.0,0.0,bosutinib,0.00745223299931366,0.0024119209706276656
BRD-K12184916,REP.A002_MCF7_24H_X3_B27,0.25547611822121624,1.0,1.0,NVP-BEZ235,0.36846789181419526,-0.11299177359297902
BRD-K16730910,REP.A002_MCF7_24H_X3_B27,0.6755521314843349,1.0,1.0,regorafenib,0.4599820305480683,0.2155701009362666
BRD-K17743125,REP.A002_MCF7_24H_X3_B27,0.8833333333333334,1.0,1.0,belinostat,0.8227272727272726,0.060606060606060774
BRD-K99964838,REP.A002_MCF7_24H_X3_B27,0.2471401204159825,0.0,1.0,bosutinib,0.04285835778373091,0.20428176263225156
BRD-K33379087,REP.A003_MCF7_24H_X1_B27,0.3657142857142857,0.0,1.0,tivantinib,0.2702898550724638,0.09542443064182193
BRD-K33379087,REP.A003_MCF7_24H_X2_B27,0.2814285714285714,0.0,0.0,tivantinib,0.4048097412480973,-0.1233811698195259
BRD-K33379087,REP.A003_MCF7_24H_X3_B27,0.5976190476190476,0.0,1.0,tivantinib,0.23506910999448313,0.36254993762456444
BRD-K19687926,REP.A004_MCF7_24H_X1_B27,0.26171707785548554,1.0,1.0,lapatinib,0.012268693471623189,0.24944838438386235
BRD-K20285085,REP.A004_MCF7_24H_X1_B27,0.4424603174603175,0.0,1.0,fostamatinib,0.22259666259666258,0.21986365486365492
BRD-K21718444,REP.A004_MCF7_24H_X1_B27,0.5338645512668718,1.0,1.0,KW-2449,0.32253558733434895,0.21132896393252287
BRD-K19687926,REP.A004_MCF7_24H_X2_B27,0.2145344825139346,0.0,1.0,lapatinib,0.011480425575522412,0.20305405693841216
BRD-K20285085,REP.A004_MCF7_24H_X2_B27,0.38858363858363854,0.0,1.0,fostamatinib,0.06261197869746801,0.3259716598861705
BRD-K21718444,REP.A004_MCF7_24H_X2_B27,0.4784303818786578,1.0,1.0,KW-2449,0.0646221838811714,0.41380819799748636
BRD-K19687926,REP.A004_MCF7_24H_X3_B27,0.03127753355987045,0.0,0.0,lapatinib,0.013396503401287436,0.017881030158583014
BRD-K20285085,REP.A004_MCF7_24H_X3_B27,0.20742356771768536,0.0,0.0,fostamatinib,0.25526583653044616,-0.047842268812760796
BRD-K21718444,REP.A004_MCF7_24H_X3_B27,0.5127450980392156,1.0,1.0,KW-2449,0.41307056274784665,0.09967453529136899
BRD-K08109215,REP.A005_MCF7_24H_X1_B27,1.0,1.0,1.0,I-BET-762,0.52,0.48
BRD-K08799216,REP.A005_MCF7_24H_X1_B27,0.5608058608058607,1.0,1.0,pelitinib,0.1453708298869589,0.41543503091890177
BRD-K09132007,REP.A005_MCF7_24H_X1_B27,0.066298016325849,0.0,0.0,D-4476,0.3398841354723708,-0.27358611914652176
BRD-K09951645,REP.A005_MCF7_24H_X1_B27,0.05784694020838599,0.0,0.0,dabrafenib,0.29823408558950576,-0.24038714538111977
BRD-K11153516,REP.A005_MCF7_24H_X1_B27,0.2385797342192691,1.0,1.0,iniparib,0.20602171746346615,0.03255801675580294
BRD-K08109215,REP.A005_MCF7_24H_X2_B27,1.0,1.0,1.0,I-BET-762,0.4957969879545341,0.5042030120454659
BRD-K08799216,REP.A005_MCF7_24H_X2_B27,0.7334656084656085,1.0,1.0,pelitinib,0.6623376623376623,0.07112794612794615
BRD-K09132007,REP.A005_MCF7_24H_X2_B27,0.13592824799721354,0.0,0.0,D-4476,0.08434179029206858,0.05158645770514496
BRD-K09951645,REP.A005_MCF7_24H_X2_B27,0.329942083367322,1.0,1.0,dabrafenib,0.1707449160035367,0.1591971673637853
BRD-K11153516,REP.A005_MCF7_24H_X2_B27,0.2314437021144264,1.0,1.0,iniparib,0.20594014210521894,0.02550356000920745
BRD-K08109215,REP.A005_MCF7_24H_X3_B27,1.0,1.0,1.0,I-BET-762,0.43759924307869513,0.5624007569213049
BRD-K08799216,REP.A005_MCF7_24H_X3_B27,0.5260942760942761,0.0,1.0,pelitinib,0.8130341880341881,-0.2869399119399121
BRD-K09132007,REP.A005_MCF7_24H_X3_B27,0.07844526501242918,0.0,0.0,D-4476,0.06683267001286927,0.011612594999559911
BRD-K09951645,REP.A005_MCF7_24H_X3_B27,0.1151602564102564,0.0,0.0,dabrafenib,0.0444956291905477,0.0706646272197087
BRD-K11153516,REP.A005_MCF7_24H_X3_B27,0.3385714285714286,1.0,1.0,iniparib,0.044976157207177236,0.29359527136425134
BRD-K19477839,REP.A006_MCF7_24H_X1_B22,0.009872992079973353,0.0,0.0,SGX523,0.03210821475072469,-0.022235222670751335
BRD-K23984367,REP.A006_MCF7_24H_X1_B22,0.38799857549857547,1.0,1.0,sorafenib,0.06422583271069406,0.32377274278788143
BRD-K19477839,REP.A006_MCF7_24H_X2_B24,0.008056329120877285,0.0,0.0,SGX523,0.0457749345803591,-0.037718605459481816
BRD-K23984367,REP.A006_MCF7_24H_X2_B24,0.11346270331513984,0.0,1.0,sorafenib,0.2541641909288968,-0.14070148761375695
BRD-K19477839,REP.A006_MCF7_24H_X3_B22,0.023152534442857024,0.0,0.0,SGX523,0.016329954342557334,0.00682258010029969
BRD-K23984367,REP.A006_MCF7_24H_X3_B22,0.3192035977525763,0.0,1.0,sorafenib,0.27659421427076797,0.042609383481808316
BRD-K40175214,REP.A007_MCF7_24H_X1_B22,0.4776284348864994,1.0,1.0,torin-1,0.1625158442082217,0.3151125906782777
BRD-K42191735,REP.A007_MCF7_24H_X1_B22,0.5904081632653061,1.0,1.0,buparlisib,0.5015471167369902,0.08886104652831595
BRD-K42805893,REP.A007_MCF7_24H_X1_B22,0.3732718894009216,1.0,1.0,osimertinib,0.1506993665840472,0.2225725228168744
BRD-K52911425,REP.A007_MCF7_24H_X1_B22,0.3691601936282787,1.0,1.0,GDC-0941,0.41668320105820106,-0.04752300742992238
BRD-K67868012,REP.A007_MCF7_24H_X1_B22,0.13750349201050885,0.0,1.0,PI-103,0.05068171863053467,0.08682177337997418
BRD-K40175214,REP.A007_MCF7_24H_X2_B22,0.34649435531788475,1.0,1.0,torin-1,0.04202295131141182,0.30447140400647293
BRD-K42191735,REP.A007_MCF7_24H_X2_B22,0.6623030303030303,1.0,1.0,buparlisib,0.6676190476190477,-0.005316017316017385
BRD-K42805893,REP.A007_MCF7_24H_X2_B22,0.21736596736596736,0.0,1.0,osimertinib,0.14945503668907925,0.06791093067688811
BRD-K52911425,REP.A007_MCF7_24H_X2_B22,0.13648299532445873,0.0,1.0,GDC-0941,0.29035200910200915,-0.1538690137775504
BRD-K67868012,REP.A007_MCF7_24H_X2_B22,0.03441934040123233,0.0,0.0,PI-103,0.02267916157646113,0.011740178824771203
BRD-K40175214,REP.A007_MCF7_24H_X3.A2_B23,0.5933746704423396,1.0,1.0,torin-1,0.0953966148061282,0.4979780556362114
BRD-K42191735,REP.A007_MCF7_24H_X3.A2_B23,0.5552182163187855,1.0,1.0,buparlisib,0.6884615384615385,-0.13324332214275292
BRD-K42805893,REP.A007_MCF7_24H_X3.A2_B23,0.05126959360913237,0.0,0.0,osimertinib,0.4908695652173913,-0.4395999716082589
BRD-K52911425,REP.A007_MCF7_24H_X3.A2_B23,0.1058934556417394,0.0,0.0,GDC-0941,0.26628294961628296,-0.16038949397454355
BRD-K67868012,REP.A007_MCF7_24H_X3.A2_B23,0.057399022576890564,0.0,0.0,PI-103,0.054436800402837375,0.002962222174053189
BRD-K36740062,REP.A008_MCF7_24H_X1_B24,0.5144125526215079,1.0,1.0,GSK-1070916,0.3643186669420918,0.15009388567941606
BRD-K36740062,REP.A008_MCF7_24H_X2_B24,0.6001082251082251,1.0,1.0,GSK-1070916,0.4396052818979023,0.16050294321032282
BRD-K36740062,REP.A008_MCF7_24H_X3_B24,0.6714285714285715,1.0,1.0,GSK-1070916,0.39886975769328703,0.27255881373528446
BRD-K28392481,REP.A009_MCF7_24H_X1_B24,0.009458147064237782,0.0,0.0,AZD-4547,0.014400718688473447,-0.004942571624235665
BRD-K28392481,REP.A009_MCF7_24H_X2_B24,0.12780403657064,0.0,1.0,AZD-4547,0.2756338899196042,-0.1478298533489642
BRD-K28392481,REP.A009_MCF7_24H_X3_B24,0.20680592607095946,0.0,1.0,AZD-4547,0.32273765594798803,-0.11593172987702857
BRD-K12787259,REP.A010_MCF7_24H_X1_B24,0.9,1.0,1.0,CX-5461,0.7222222222222222,0.1777777777777778
BRD-K13390322,REP.A010_MCF7_24H_X1_B24,0.17659424821672964,0.0,1.0,AT-7519,0.13777026545692397,0.03882398275980567
BRD-K13662825,REP.A010_MCF7_24H_X1_B24,0.14856902356902355,0.0,0.0,dinaciclib,0.4976410256410257,-0.3490720020720022
BRD-K12787259,REP.A010_MCF7_24H_X2_B24,0.5678632478632479,1.0,1.0,CX-5461,0.7059523809523809,-0.13808913308913295
BRD-K13390322,REP.A010_MCF7_24H_X2_B24,0.12939319667260843,0.0,1.0,AT-7519,0.2900248066615719,-0.16063160998896345
BRD-K13662825,REP.A010_MCF7_24H_X2_B24,0.17802090382735541,0.0,1.0,dinaciclib,0.5004163827693239,-0.32239547894196846
BRD-K12787259,REP.A010_MCF7_24H_X3_B24,0.9266666666666665,1.0,1.0,CX-5461,0.7,0.22666666666666657
BRD-K13390322,REP.A010_MCF7_24H_X3_B24,0.257787887730343,1.0,1.0,AT-7519,0.31605235042735047,-0.05826446269700747
BRD-K13662825,REP.A010_MCF7_24H_X3_B24,0.21694030107823212,0.0,1.0,dinaciclib,0.479192546583851,-0.2622522455056189
BRD-K05804044,REP.A011_MCF7_24H_X1_B24,0.04739636117543094,0.0,0.0,AZ-628,0.07716416347995295,-0.029767802304522008
BRD-K07691486,REP.A011_MCF7_24H_X1_B24,0.03862031124149259,0.0,0.0,roscovitine,0.018331370670679966,0.02028894057081262
BRD-K05804044,REP.A011_MCF7_24H_X2_B24,0.03265368368122082,0.0,0.0,AZ-628,0.07593259722247239,-0.043278913541251574
BRD-K07691486,REP.A011_MCF7_24H_X2_B24,0.01587263319953287,0.0,0.0,roscovitine,0.04115268006091508,-0.025280046861382213
BRD-K05804044,REP.A011_MCF7_24H_X3_B24,0.06964043470345135,0.0,0.0,AZ-628,0.08640964557402162,-0.01676921087057026
BRD-K07691486,REP.A011_MCF7_24H_X3_B24,0.11144474256905146,0.0,1.0,roscovitine,0.010972377191795711,0.10047236537725575
BRD-K02113016,REP.A012_MCF7_24H_X1_B22,0.02000341862848748,0.0,0.0,olaparib,0.0192326155380922,0.0007708030903952785
BRD-K02123250,REP.A012_MCF7_24H_X1_B22,0.01622883924474235,0.0,0.0,JNJ-38877605,0.035147802364910184,-0.018918963120167834
BRD-K03449891,REP.A012_MCF7_24H_X1_B22,0.44559395406853025,1.0,1.0,foretinib,0.19556513409961687,0.25002881996891335
BRD-K02113016,REP.A012_MCF7_24H_X2_B22,0.0976970413867035,0.0,1.0,olaparib,0.029568809586993882,0.06812823179970962
BRD-K02123250,REP.A012_MCF7_24H_X2_B22,0.007507612243985629,0.0,0.0,JNJ-38877605,0.07776653171390015,-0.07025891946991451
BRD-K03449891,REP.A012_MCF7_24H_X2_B22,0.3737847469707769,1.0,1.0,foretinib,0.15909688013136286,0.21468786683941404
BRD-K02123250,REP.A012_MCF7_24H_X3_B22,0.018608303045051695,0.0,0.0,JNJ-38877605,0.0365011681464299,-0.01789286510137821
BRD-K03449891,REP.A012_MCF7_24H_X3_B22,0.3519576719576719,1.0,1.0,foretinib,0.1374262658399359,0.21453140611773602
BRD-K40738845,REP.A013_MCF7_24H_X1_B24,0.030399016436911824,0.0,0.0,BMS-777607,0.014251816606588535,0.01614719983032329
BRD-K40738845,REP.A013_MCF7_24H_X2_B22,0.014676214832666734,0.0,0.0,BMS-777607,0.10884483937115515,-0.09416862453848841
BRD-K40738845,REP.A013_MCF7_24H_X3_B22,0.06234402200778009,0.0,0.0,BMS-777607,0.05154735392595359,0.0107966680818265
BRD-K37687095,REP.A014_MCF7_24H_X1_B23,0.17119399320486275,0.0,0.0,AZD-8330,0.0327256546832903,0.13846833852157245
BRD-K56751279,REP.A014_MCF7_24H_X1_B23,0.7499999999999999,1.0,1.0,Y-39983,0.4579594017094017,0.2920405982905982
BRD-K60866521,REP.A014_MCF7_24H_X1_B23,0.020915239625440896,0.0,0.0,idelalisib,0.025893699062906384,-0.0049784594374654885
BRD-K37687095,REP.A014_MCF7_24H_X2_B23,0.2616964656348218,0.0,1.0,AZD-8330,0.06511624660206576,0.19658021903275602
BRD-K56751279,REP.A014_MCF7_24H_X2_B23,0.5788550026752273,1.0,1.0,Y-39983,0.031885966122172725,0.5469690365530545
BRD-K60866521,REP.A014_MCF7_24H_X2_B23,0.11233860965038808,0.0,1.0,idelalisib,0.028032394479961798,0.08430621517042629
BRD-K37687095,REP.A014_MCF7_24H_X3_B23,0.0733326601382157,0.0,0.0,AZD-8330,0.020355104582427935,0.05297755555578776
BRD-K56751279,REP.A014_MCF7_24H_X3_B23,0.7636363636363636,1.0,1.0,Y-39983,0.02537058679089574,0.7382657768454678
BRD-K60866521,REP.A014_MCF7_24H_X3_B23,0.16391676324769816,0.0,1.0,idelalisib,0.01674620931066193,0.14717055393703624
BRD-K56301217,REP.A015_MCF7_24H_X1_B23,0.2713063693219223,1.0,1.0,ABT-737,0.26692848960890203,0.004377879713020283
BRD-K57080016,REP.A015_MCF7_24H_X1_B23,0.40055418719211816,1.0,1.0,selumetinib,0.1944332729801186,0.20612091421199957
BRD-K57169635,REP.A015_MCF7_24H_X1_B23,0.8588235294117647,1.0,1.0,dacomitinib,0.7559523809523809,0.10287114845938372
BRD-K59317601,REP.A015_MCF7_24H_X1_B23,0.7476190476190475,1.0,1.0,MLN-0128,0.43755070993914813,0.3100683376798994
BRD-K56301217,REP.A015_MCF7_24H_X2_B23,0.22578354555700017,1.0,1.0,ABT-737,0.22983333501003714,-0.004049789453036967
BRD-K57080016,REP.A015_MCF7_24H_X2_B23,0.4630744060321525,1.0,1.0,selumetinib,0.1298611682268941,0.33321323780525836
BRD-K57169635,REP.A015_MCF7_24H_X2_B23,0.925,1.0,1.0,dacomitinib,0.8294117647058824,0.09558823529411764
BRD-K59317601,REP.A015_MCF7_24H_X2_B23,0.9111111111111111,1.0,1.0,MLN-0128,0.35489681050656663,0.5562143006045445
BRD-K56301217,REP.A015_MCF7_24H_X3_B23,0.3468624539404938,1.0,1.0,ABT-737,0.04690266293168694,0.2999597910088069
BRD-K57080016,REP.A015_MCF7_24H_X3_B23,0.25969169719169716,0.0,1.0,selumetinib,0.02615490843316858,0.23353678875852857
BRD-K57169635,REP.A015_MCF7_24H_X3_B23,0.925,1.0,1.0,dacomitinib,0.9111111111111111,0.01388888888888895
BRD-K59317601,REP.A015_MCF7_24H_X3_B23,0.7533333333333333,1.0,1.0,MLN-0128,0.3497760910815939,0.4035572422517394
BRD-A58280226,REP.A016_MCF7_24H_X1_B23,0.3457666364643109,1.0,1.0,Y-27632,0.512258064516129,-0.1664914280518181
BRD-K41895714,REP.A016_MCF7_24H_X1_B23,0.06682137658678139,0.0,1.0,AS-605240,0.22314057420337488,-0.1563191976165935
BRD-K51313569,REP.A016_MCF7_24H_X1_B23,0.8227513227513228,1.0,1.0,palbociclib,0.38112015420861,0.4416311685427128
BRD-K51544265,REP.A016_MCF7_24H_X1_B23,0.03876278677956786,0.0,0.0,cabozantinib,0.022830491253162565,0.015932295526405297
BRD-K53414658,REP.A016_MCF7_24H_X1_B23,0.05744893524554542,0.0,0.0,tivozanib,0.08905392524568304,-0.03160499000013762
BRD-K53417444,REP.A016_MCF7_24H_X1_B23,0.5086493808049536,1.0,1.0,OTS-167,0.319032967032967,0.18961641377198657
BRD-K54256913,REP.A016_MCF7_24H_X1_B23,0.13464883375331135,0.0,1.0,MK-1775,0.0992207860989893,0.03542804765432206
BRD-A58280226,REP.A016_MCF7_24H_X2_B23,0.5557357357357358,1.0,1.0,Y-27632,0.7275438596491227,-0.17180812391338696
BRD-K41895714,REP.A016_MCF7_24H_X2_B23,0.013443029049527338,0.0,0.0,AS-605240,0.07656862029132099,-0.06312559124179365
BRD-K51313569,REP.A016_MCF7_24H_X2_B23,0.7272893772893774,1.0,1.0,palbociclib,0.644047619047619,0.08324175824175839
BRD-K51544265,REP.A016_MCF7_24H_X2_B23,0.12258503401360543,0.0,0.0,cabozantinib,0.12055375323416562,0.0020312807794398147
BRD-K53414658,REP.A016_MCF7_24H_X2_B23,0.18006110613956589,0.0,1.0,tivozanib,0.015331929729213262,0.16472917641035262
BRD-K53417444,REP.A016_MCF7_24H_X2_B23,0.5156944444444445,1.0,1.0,OTS-167,0.3235853227232538,0.19210912172119066
BRD-K54256913,REP.A016_MCF7_24H_X2_B23,0.3354318330071755,1.0,1.0,MK-1775,0.1672401079728751,0.16819172503430038
BRD-A58280226,REP.A016_MCF7_24H_X3_B23,0.09252020202020202,0.0,1.0,Y-27632,0.46737179487179487,-0.37485159285159286
BRD-K41895714,REP.A016_MCF7_24H_X3_B23,0.058879038133575666,0.0,0.0,AS-605240,0.0465104292416835,0.012368608891892167
BRD-K51313569,REP.A016_MCF7_24H_X3_B23,0.861111111111111,1.0,1.0,palbociclib,0.4873642439431913,0.37374686716791977
BRD-K51544265,REP.A016_MCF7_24H_X3_B23,0.06193213895507145,0.0,0.0,cabozantinib,0.061939199263368064,-7.060308296613638e-06
BRD-K53414658,REP.A016_MCF7_24H_X3_B23,0.14089767568469394,0.0,1.0,tivozanib,0.15424052793264306,-0.013342852247949122
BRD-K53417444,REP.A016_MCF7_24H_X3_B23,0.5011111111111111,1.0,1.0,OTS-167,0.20655369484316854,0.2945574162679425
BRD-K54256913,REP.A016_MCF7_24H_X3_B23,0.04178143247627499,0.0,0.0,MK-1775,0.07373580195548159,-0.031954369479206594
BRD-K50168500,REP.A017_MCF7_24H_X1_B23,0.4341048133153396,1.0,1.0,canertinib,0.2256371060024028,0.20846770731293682
BRD-K50168500,REP.A017_MCF7_24H_X2_B23,0.33885003885003884,0.0,1.0,canertinib,0.254124093440718,0.08472594540932082
BRD-K50168500,REP.A017_MCF7_24H_X3_B23,0.6029690016103059,1.0,1.0,canertinib,0.04755832264073486,0.555410678969571
BRD-K64800655,REP.A018_MCF7_24H_X1_B24,0.8581871345029239,1.0,1.0,PHA-793887,0.6850880600880601,0.17309907441486383
BRD-K66538826,REP.A018_MCF7_24H_X1_B24,0.13958502024291497,0.0,0.0,amuvatinib,0.49475142761168966,-0.3551664073687747
BRD-K64800655,REP.A018_MCF7_24H_X2_B23,0.8833333333333333,1.0,1.0,PHA-793887,0.9055555555555554,-0.022222222222222143
BRD-K66538826,REP.A018_MCF7_24H_X2_B23,0.08826911503880597,0.0,0.0,amuvatinib,0.044206612817723936,0.04406250222108203
BRD-K64800655,REP.A018_MCF7_24H_X3_B23,0.8964646464646465,1.0,1.0,PHA-793887,0.7271825396825397,0.16928210678210687
BRD-K66538826,REP.A018_MCF7_24H_X3_B23,0.24825396825396823,0.0,1.0,amuvatinib,0.4363575642338258,-0.1881035959798576
BRD-K04887706,REP.A019_MCF7_24H_X1_B23,0.02786372219753493,0.0,0.0,AKT-inhibitor-1-2,0.03354569917144949,-0.005681976973914562
BRD-K45746021,REP.A019_MCF7_24H_X1_B23,0.015768355963057444,0.0,0.0,CC-401,0.40879382055852637,-0.39302546459546894
BRD-K49075727,REP.A019_MCF7_24H_X1_B23,0.10537778242371286,0.0,1.0,nintedanib,0.5469414643327687,-0.4415636819090558
BRD-K49328571,REP.A019_MCF7_24H_X1_B23,0.6842446119568761,1.0,1.0,dasatinib,0.2419516973724395,0.44229291458443665
BRD-K49865102,REP.A019_MCF7_24H_X1_B23,0.226394695517113,1.0,1.0,PD-0325901,0.3026705073327741,-0.07627581181566112
BRD-K04887706,REP.A019_MCF7_24H_X2_B24,0.015582556401720439,0.0,0.0,AKT-inhibitor-1-2,0.07017400429645335,-0.05459144789473291
BRD-K45746021,REP.A019_MCF7_24H_X2_B24,0.012130176674840497,0.0,0.0,CC-401,0.006876716644237463,0.005253460030603035
BRD-K49075727,REP.A019_MCF7_24H_X2_B24,0.1424062049062049,0.0,0.0,nintedanib,0.20465833449704418,-0.062252129590839284
BRD-K49328571,REP.A019_MCF7_24H_X2_B24,0.7468311147590129,1.0,1.0,dasatinib,0.3439508330347413,0.4028802817242716
BRD-K49865102,REP.A019_MCF7_24H_X2_B24,0.2800850143966724,0.0,1.0,PD-0325901,0.21775532711203177,0.06232968728464061
BRD-K04887706,REP.A019_MCF7_24H_X3_B23,0.014879988352594147,0.0,0.0,AKT-inhibitor-1-2,0.10883881863368744,-0.0939588302810933
BRD-K45746021,REP.A019_MCF7_24H_X3_B23,0.03746757676556495,0.0,0.0,CC-401,0.5397619047619048,-0.5022943279963399
BRD-K49075727,REP.A019_MCF7_24H_X3_B23,0.3190053338515692,1.0,1.0,nintedanib,0.48790849673202613,-0.16890316288045693
BRD-K49865102,REP.A019_MCF7_24H_X3_B23,0.41901756039276267,0.0,1.0,PD-0325901,0.18249933606992946,0.2365182243228332
BRD-K82928847,REP.A020_MCF7_24H_X1_B23,1.0,1.0,1.0,ACY-1215,0.7513888888888889,0.24861111111111112
BRD-K82928847,REP.A020_MCF7_24H_X2_B23,1.0,1.0,1.0,ACY-1215,0.6645887445887446,0.3354112554112554
BRD-K82928847,REP.A020_MCF7_24H_X3_B23,1.0,1.0,1.0,ACY-1215,0.5394534161490683,0.4605465838509317
BRD-K81528515,REP.A021_MCF7_24H_X1_B23,0.3307962892132906,1.0,1.0,nilotinib,0.31841461544360095,0.012381673769689627
BRD-K83963101,REP.A021_MCF7_24H_X1_B23,0.03715342976141456,0.0,0.0,MLN-8054,0.03688164960988956,0.0002717801515250001
BRD-K85606544,REP.A021_MCF7_24H_X1_B23,0.10703958262097797,0.0,0.0,neratinib,0.19089466507308772,-0.08385508245210975
BRD-K81528515,REP.A021_MCF7_24H_X2_B23,0.3598929994776167,1.0,1.0,nilotinib,0.03426725539212922,0.3256257440854875
BRD-K83963101,REP.A021_MCF7_24H_X2_B23,0.2506469928038555,1.0,1.0,MLN-8054,0.2595127748068925,-0.008865782003037004
BRD-K85606544,REP.A021_MCF7_24H_X2_B23,0.027519365426990045,0.0,0.0,neratinib,0.08503156542903532,-0.05751220000204528
BRD-K81528515,REP.A021_MCF7_24H_X3_B23,0.2018914623724061,0.0,1.0,nilotinib,0.02064713575283428,0.18124432661957182
BRD-K83963101,REP.A021_MCF7_24H_X3_B23,0.056960194730813284,0.0,0.0,MLN-8054,0.12331212647002121,-0.06635193173920792
BRD-K85606544,REP.A021_MCF7_24H_X3_B23,0.02416373175641497,0.0,0.0,neratinib,0.01766402841181185,0.006499703344603119
BRD-K70401845,REP.A022_MCF7_24H_X1_B23,0.25727012272110084,1.0,1.0,erlotinib,0.09592458307352501,0.1613455396475758
BRD-K71035033,REP.A022_MCF7_24H_X1_B23,0.44050678733031673,1.0,1.0,masitinib,0.10700441041649644,0.3335023769138203
BRD-K72414522,REP.A022_MCF7_24H_X1_B23,0.37242819158896,1.0,1.0,AZD-5438,0.3950083542188805,-0.022580162629920464
BRD-K76908866,REP.A022_MCF7_24H_X1_B23,0.524500768049155,1.0,1.0,CP-724714,0.21015684051398334,0.3143439275351717
BRD-K77908580,REP.A022_MCF7_24H_X1_B23,1.0,1.0,1.0,entinostat,1.0,0.0
BRD-K79254416,REP.A022_MCF7_24H_X1_B23,0.4726582278481012,1.0,1.0,decitabine,0.3232038784272273,0.14945434942087388
BRD-K80700417,REP.A022_MCF7_24H_X1_B23,1.0,1.0,1.0,SGI-1776,0.4329795340087864,0.5670204659912136
BRD-K70401845,REP.A022_MCF7_24H_X2_B23,0.22882200197005617,1.0,1.0,erlotinib,0.17852845807446024,0.05029354389559593
BRD-K71035033,REP.A022_MCF7_24H_X2_B23,0.48213538616015394,1.0,1.0,masitinib,0.04929625446532042,0.4328391316948335
BRD-K72414522,REP.A022_MCF7_24H_X2_B23,0.18665185287525712,0.0,1.0,AZD-5438,0.3602092352092352,-0.17355738233397808
BRD-K76908866,REP.A022_MCF7_24H_X2_B23,0.12209344576991633,0.0,0.0,CP-724714,0.25784662426142363,-0.1357531784915073
BRD-K77908580,REP.A022_MCF7_24H_X2_B23,1.0,1.0,1.0,entinostat,1.0,0.0
BRD-K79254416,REP.A022_MCF7_24H_X2_B23,0.16806903525921932,0.0,1.0,decitabine,0.38971109701018997,-0.22164206175097065
BRD-K80700417,REP.A022_MCF7_24H_X2_B23,0.9666666666666666,1.0,1.0,SGI-1776,0.35801961755915507,0.6086470491075116
BRD-K70401845,REP.A022_MCF7_24H_X3_B23,0.1883163458794076,1.0,1.0,erlotinib,0.09930407125529074,0.08901227462411686
BRD-K71035033,REP.A022_MCF7_24H_X3_B23,0.550952380952381,1.0,1.0,masitinib,0.11744627321676984,0.43350610773561116
BRD-K72414522,REP.A022_MCF7_24H_X3_B23,0.43435724639638423,1.0,1.0,AZD-5438,0.3407804642324766,0.09357678216390763
BRD-K76908866,REP.A022_MCF7_24H_X3_B23,0.2190925930489498,0.0,1.0,CP-724714,0.03181099744382925,0.18728159560512053
BRD-K77908580,REP.A022_MCF7_24H_X3_B23,1.0,1.0,1.0,entinostat,1.0,0.0
BRD-K79254416,REP.A022_MCF7_24H_X3_B23,0.22146167557932267,0.0,1.0,decitabine,0.1173418516966904,0.10411982388263227
BRD-K80700417,REP.A022_MCF7_24H_X3_B23,1.0,1.0,1.0,SGI-1776,0.4335695970695971,0.5664304029304029
BRD-K68065987,REP.A023_MCF7_24H_X1_B23,0.5726744186046512,1.0,1.0,MK-2206,0.536574074074074,0.0361003445305772
BRD-K70511574,REP.A023_MCF7_24H_X1_B23,0.8166666666666667,1.0,1.0,HMN-214,0.5191919191919192,0.29747474747474745
BRD-K68065987,REP.A023_MCF7_24H_X2_B23,0.4965761872930991,1.0,1.0,MK-2206,0.17995352140779428,0.31662266588530485
BRD-K70511574,REP.A023_MCF7_24H_X2_B23,0.8761904761904761,1.0,1.0,HMN-214,0.015903823836540522,0.8602866523539355
BRD-K68065987,REP.A023_MCF7_24H_X3_B23,0.44669475977525513,1.0,1.0,MK-2206,0.3287774725274725,0.11791728724778261
BRD-K70511574,REP.A023_MCF7_24H_X3_B23,0.9266666666666665,1.0,1.0,HMN-214,0.5491666666666666,0.37749999999999995
BRD-K74065929,REP.A024_MCF7_24H_X1_B23,0.14833045877888926,0.0,1.0,doramapimod,0.07694680597133806,0.0713836528075512
BRD-K79404599,REP.A024_MCF7_24H_X1_B23,0.37828261465321056,1.0,1.0,enzastaurin,0.2894975394975395,0.08878507515567108
BRD-K74065929,REP.A024_MCF7_24H_X2_B23,0.36716748768472907,1.0,1.0,doramapimod,0.22306371001309847,0.1441037776716306
BRD-K79404599,REP.A024_MCF7_24H_X2_B23,0.1965997217243026,1.0,1.0,enzastaurin,0.3950816496811491,-0.19848192795684652
BRD-K74065929,REP.A024_MCF7_24H_X3_B23,0.32085008860641423,1.0,1.0,doramapimod,0.028599792724666156,0.29225029588174806
BRD-K79404599,REP.A024_MCF7_24H_X3_B23,0.2323455497349638,1.0,1.0,enzastaurin,0.19817951326519256,0.03416603646977123
BRD-K74514084,REP.A025_MCF7_24H_X1_B23,0.5216450216450215,1.0,1.0,pazopanib,0.310470764164467,0.21117425748055446
BRD-K77625799,REP.A025_MCF7_24H_X1_B23,0.08379605006559586,0.0,0.0,vandetanib,0.3437534657092552,-0.2599574156436593
BRD-K74514084,REP.A025_MCF7_24H_X2_B23,0.18756732256172343,0.0,1.0,pazopanib,0.4120623194448697,-0.22449499688314628
BRD-K77625799,REP.A025_MCF7_24H_X2_B23,0.2386088011088011,0.0,1.0,vandetanib,0.28874951664448917,-0.05014071553568808
BRD-K74514084,REP.A025_MCF7_24H_X3_B23,0.5429824561403509,0.0,1.0,pazopanib,0.3064656261399291,0.23651683000042178
BRD-K77625799,REP.A025_MCF7_24H_X3_B23,0.13605740503627828,0.0,1.0,vandetanib,0.26944491571194784,-0.13338751067566956
BRD-K87737963,REP.A026_MCF7_24H_X1_B25,0.4680277467504681,1.0,1.0,CYT387,0.37799145299145304,0.09003629375901506
BRD-K99749624,REP.A026_MCF7_24H_X1_B25,1.0,1.0,1.0,linifanib,0.7637917637917638,0.23620823620823617
BRD-K87737963,REP.A026_MCF7_24H_X2_B25,0.2041505816206415,1.0,1.0,CYT387,0.45416892747332244,-0.2500183458526809
BRD-K99749624,REP.A026_MCF7_24H_X2_B25,1.0,1.0,1.0,linifanib,0.7430827886710238,0.25691721132897616
BRD-K87737963,REP.A026_MCF7_24H_X3_B25,0.01867189692263863,0.0,0.0,CYT387,0.4840208653163638,-0.46534896839372514
BRD-K99749624,REP.A026_MCF7_24H_X3_B25,1.0,1.0,1.0,linifanib,0.7713804713804713,0.22861952861952872
BRD-K93123848,REP.A027_MCF7_24H_X1_B25,0.0452056611778257,0.0,0.0,RAF-265,0.2065197183959207,-0.161314057218095
BRD-K99545815,REP.A027_MCF7_24H_X1_B25,0.2806574144809439,1.0,1.0,PF-562271,0.1512246443313642,0.12943277014957968
BRD-K93123848,REP.A027_MCF7_24H_X2_B25,0.04188113091046557,0.0,0.0,RAF-265,0.01158828787858772,0.030292843031877847
BRD-K99545815,REP.A027_MCF7_24H_X2_B25,0.19689280626780628,0.0,1.0,PF-562271,0.3285221946512269,-0.13162938838342061
BRD-K93123848,REP.A027_MCF7_24H_X3_B25,0.010612546612546613,0.0,0.0,RAF-265,0.01532616750994516,-0.004713620897398548
BRD-K99545815,REP.A027_MCF7_24H_X3_B25,0.18307872856745036,0.0,1.0,PF-562271,0.43770053475935833,-0.254621806191908
BRD-K92428232,REP.A028_MCF7_24H_X1_B25,0.8076190476190476,1.0,1.0,GSK-461364,0.616969696969697,0.19064935064935062
BRD-K93918653,REP.A028_MCF7_24H_X1_B25,1.0,1.0,1.0,quizartinib,0.6637500000000001,0.33624999999999994
BRD-K92428232,REP.A028_MCF7_24H_X2_B25,0.3641698841698841,0.0,1.0,GSK-461364,0.9028571428571428,-0.5386872586872586
BRD-K93918653,REP.A028_MCF7_24H_X2_B25,0.9666666666666666,1.0,1.0,quizartinib,0.6038155802861686,0.362851086380498
BRD-K92428232,REP.A028_MCF7_24H_X3_B25,0.3691700404858299,0.0,1.0,GSK-461364,0.2957501280081925,0.0734199124776374
BRD-K93918653,REP.A028_MCF7_24H_X3_B25,0.4489301801801802,1.0,1.0,quizartinib,0.4695316361838853,-0.02060145600370511
